vendorid,vendorname,invoicedate,invoiceno,podate,paydate,quantity,totalamount,freight,approval
7240,"PREMIUM PORT WINES, INC.",2016-11-05,12694,2016-10-20,2016-12-03,48,352.95,1.73,
1392,CONSTELLATION BRANDS INC,2016-04-28,9749,2016-04-12,2016-05-26,34773,225706.96,1196.25,
6215,MOONLIGHT MEADERY,2016-11-28,12955,2016-11-07,2016-12-22,70,634.11,2.85,
4425,MARTIGNETTI COMPANIES,2016-01-23,8383,2016-01-07,2016-02-29,104,987.34,4.64,
8352,LUXCO INC,2016-05-29,10205,2016-05-13,2016-06-24,4314,31768.74,152.49,
2555,DISARONNO INTERNATIONAL LLC,2016-11-01,12619,2016-10-16,2016-12-06,1965,22699.66,118.04,
9815,WINE GROUP INC,2016-10-10,12340,2016-09-26,2016-11-25,14554,89941.85,458.7,
1587,VINEYARD BRANDS INC,2016-12-25,13409,2016-12-07,2017-02-05,2647,21465.16,113.77,
1485,CASTLE BRANDS CORP.,2016-10-03,12258,2016-09-23,2016-11-15,35,462.49,2.54,
388,ATLANTIC IMPORTING COMPANY,2016-02-03,8497,2016-01-17,2016-03-08,83,2028.52,9.53,
17035,PERNOD RICARD USA,2016-10-10,12352,2016-09-27,2016-11-12,34936,478178.46,2390.89,Frank Delahunt
5270,MANGO BOTTLING INC,2016-10-14,12329,2016-09-26,2016-11-11,455,3230.07,15.5,
2496,DUGGANS DISTILLED PRODUCTS,2016-11-26,12967,2016-11-08,2016-12-25,227,2968.18,14.54,
1392,CONSTELLATION BRANDS INC,2016-07-05,10847,2016-06-25,2016-08-16,12037,83617.29,409.72,
1590,DIAGEO CHATEAU ESTATE WINES,2016-12-19,13257,2016-11-28,2017-01-16,7498,56106.29,286.14,
9260,TY KU LLC,2016-05-31,10271,2016-05-17,2016-06-30,23,197.8,1.09,
10754,PERFECTA WINES,2016-02-07,8594,2016-01-22,2016-03-16,12895,126698.89,646.16,
516,BANFI PRODUCTS CORP,2016-12-23,13413,2016-12-08,2017-01-21,3867,31581.13,161.06,
17035,PERNOD RICARD USA,2016-08-12,11372,2016-07-26,2016-09-12,33291,448082.39,2464.45,Frank Delahunt
1601,VRANKEN AMERICA,2016-01-30,8417,2016-01-10,2016-03-07,41,803.6,3.86,
4466,AMERICAN VINTAGE BEVERAGE,2016-05-16,10095,2016-05-06,2016-06-27,215,2123.01,11.46,
90027,POVERTY LANE ORCHARDS,2016-02-22,8816,2016-02-07,2016-03-30,117,836.73,3.93,
4848,LAIRD & CO,2016-10-18,12492,2016-10-06,2016-11-23,286,2291.8,11.46,
9622,WEIN BAUER INC,2016-10-03,12091,2016-09-13,2016-10-29,98,1715.64,7.72,
9751,VINEDREA WINES LLC,2016-02-13,8649,2016-01-26,2016-03-26,6,136.32,0.72,
3924,HEAVEN HILL DISTILLERIES,2016-10-26,12609,2016-10-14,2016-11-27,6586,51866.88,233.4,
17032,JEWELL TOWNE VINEYARDS,2016-09-18,11840,2016-08-28,2016-10-19,107,822.22,3.86,
653,STATE WINE & SPIRITS,2016-12-05,13185,2016-11-22,2017-01-21,2459,24267.51,116.48,
2561,EDRINGTON AMERICAS,2016-01-08,8175,2015-12-24,2016-02-10,136,5645.24,218.18,
90024,VINILANDIA USA,2016-07-20,11121,2016-07-08,2016-08-25,1431,12727.34,70.0,
90027,POVERTY LANE ORCHARDS,2016-10-04,12204,2016-09-21,2016-11-20,103,815.91,3.75,
8920,TAKARA SAKE USA INC,2016-07-19,11021,2016-07-01,2016-08-11,225,1187.63,6.53,
1128,BROWN-FORMAN CORP,2016-03-17,9181,2016-03-03,2016-04-18,14855,170276.77,902.47,
5992,MCCORMICK DISTILLING CO,2016-04-17,9527,2016-03-27,2016-05-26,466,4638.25,23.19,
7154,PREMIER DISTRIBUTORS,2016-10-17,12386,2016-09-29,2016-11-15,105,1485.9,8.02,
11567,CAMPARI AMERICA,2016-10-28,12607,2016-10-14,2016-12-04,10850,113416.88,544.4,
90058,ZORVINO VINEYARDS,2016-07-10,10775,2016-06-21,2016-08-05,63,472.0,2.36,
3960,DIAGEO NORTH AMERICA INC,2016-08-03,11300,2016-07-21,2016-09-14,114609,1225680.18,6373.54,Frank Delahunt
7255,PSP WINES,2016-04-24,9662,2016-04-05,2016-05-24,253,2006.55,10.23,
2555,DISARONNO INTERNATIONAL LLC,2016-06-20,10584,2016-06-08,2016-07-27,1467,14348.83,67.44,
4692,KOBRAND CORPORATION,2016-02-01,8461,2016-01-13,2016-03-09,1516,15167.02,81.9,
5455,MARSALLE COMPANY,2016-04-21,9681,2016-04-06,2016-05-31,121,3195.89,16.3,
388,ATLANTIC IMPORTING COMPANY,2016-07-04,10645,2016-06-13,2016-08-05,11,234.52,1.29,
9751,VINEDREA WINES LLC,2016-07-05,10774,2016-06-21,2016-08-21,1,22.72,0.12,
6785,PALM BAY INTERNATIONAL INC,2016-10-07,12158,2016-09-18,2016-11-19,5546,40541.75,186.49,
8892,TRINCHERO FAMILY ESTATES,2016-10-21,12514,2016-10-07,2016-11-23,7050,44307.29,212.67,
90053,INCREDIBREW INC,2016-09-04,11672,2016-08-16,2016-10-12,58,503.36,2.62,
9622,WEIN BAUER INC,2016-04-23,9638,2016-04-03,2016-05-28,30,418.2,1.92,
4848,LAIRD & CO,2016-02-04,8505,2016-01-17,2016-03-19,265,2168.1,11.71,
7749,R.P.IMPORTS INC,2016-04-05,9500,2016-03-24,2016-05-21,2,217.1,1.11,
9815,WINE GROUP INC,2016-09-25,12012,2016-09-07,2016-10-28,15945,98200.34,500.82,
3951,HIGHLAND WINE MERCHANTS LLC,2017-01-02,13451,2016-12-11,2017-02-06,240,3955.44,21.75,
1128,BROWN-FORMAN CORP,2016-10-08,12256,2016-09-23,2016-11-12,423,5009.04,25.05,
516,BANFI PRODUCTS CORP,2016-11-28,12930,2016-11-06,2016-12-22,3989,29645.49,151.19,
6215,MOONLIGHT MEADERY,2016-02-11,8699,2016-01-29,2016-03-20,180,1602.48,7.85,
8735,SURVILLE ENTERPRISES CORP,2016-10-01,12140,2016-09-16,2016-11-07,61,400.45,2.0,
7240,"PREMIUM PORT WINES, INC.",2016-07-03,10660,2016-06-13,2016-08-09,93,686.94,3.23,
17031,FLAG HILL WINERY & VINEYARD,2016-10-17,12416,2016-10-02,2016-12-02,225,3251.36,15.93,
172662,SWEETWATER FARM,2016-11-19,12866,2016-10-31,2016-12-20,36,776.88,3.81,
9625,WESTERN SPIRITS BEVERAGE CO,2016-12-12,13235,2016-11-25,2017-01-16,1839,9289.23,44.59,
5455,MARSALLE COMPANY,2016-05-18,10027,2016-05-01,2016-06-21,167,4249.67,22.52,
105,ALTAMAR BRANDS LLC,2016-10-31,12634,2016-10-17,2016-12-08,6,214.26,1.03,
172662,SWEETWATER FARM,2016-07-01,10676,2016-06-14,2016-08-08,6,116.4,0.64,
90047,CRUSH WINES,2016-01-27,8420,2016-01-11,2016-03-02,520,4392.3,20.2,
28776,TALL SHIP DISTILLERY LLC,2016-07-27,11203,2016-07-14,2016-09-01,456,10159.08,54.86,
1273,CALEDONIA SPIRITS INC,2016-01-06,8172,2015-12-24,2016-02-15,5,146.8,15.53,
1590,DIAGEO CHATEAU ESTATE WINES,2016-06-16,10498,2016-06-02,2016-07-31,4129,35072.08,185.88,
90057,WALPOLE MTN VIEW WINERY,2016-07-21,11092,2016-07-06,2016-08-31,12,127.08,0.64,
2242,DELICATO VINEYARDS INC,2016-07-09,10798,2016-06-23,2016-08-20,3112,24297.34,133.64,
9622,WEIN BAUER INC,2016-01-24,8337,2016-01-04,2016-02-23,29,399.12,2.08,
90010,VINEXTRA INC,2016-10-20,12502,2016-10-06,2016-11-26,102,1839.96,8.83,
1189,BULLY BOY DISTILLERS,2016-11-12,12793,2016-10-27,2016-12-21,119,2593.35,13.23,
1590,DIAGEO CHATEAU ESTATE WINES,2016-10-06,12194,2016-09-21,2016-11-19,10462,69104.53,373.16,
9206,PHILLIPS PRODUCTS CO.,2016-04-24,9632,2016-04-03,2016-05-27,711,5283.27,28.53,
9165,ULTRA BEVERAGE COMPANY LLP,2016-07-10,10911,2016-06-25,2016-08-20,7437,80783.22,411.99,
4380,CHARLES JACQUIN ET CIE INC,2016-07-04,10845,2016-06-25,2016-08-09,138,1111.37,5.22,
90011,FORTUNE WINE BROKERS LLC,2016-03-29,9395,2016-03-18,2016-05-10,93,733.77,3.6,
4550,KLIN SPIRITS LLC,2016-01-07,8196,2015-12-25,2016-02-17,7,98.49,9.65,
3950,"HOOD RIVER DISTILLERS, Inc.",2016-04-22,9677,2016-04-06,2016-05-22,18,388.44,1.86,
1587,VINEYARD BRANDS INC,2016-11-15,12887,2016-11-01,2016-12-28,2366,17466.9,94.32,
1128,BROWN-FORMAN CORP,2016-12-03,13077,2016-11-15,2017-01-04,16165,226877.57,1202.45,
12331,STELLAR IMPORTING CO LLC,2016-05-16,9965,2016-04-26,2016-06-09,96,687.84,3.16,
8735,SURVILLE ENTERPRISES CORP,2016-02-04,8586,2016-01-21,2016-03-19,54,293.56,1.61,
7239,REMY COINTREAU USA INC,2017-01-03,13459,2016-12-11,2017-02-05,2597,51161.38,271.16,
11567,CAMPARI AMERICA,2017-01-06,13645,2016-12-23,2017-02-06,9745,79904.22,375.55,
2561,EDRINGTON AMERICAS,2016-02-17,8708,2016-01-31,2016-03-22,757,23895.63,107.53,
6215,MOONLIGHT MEADERY,2016-03-13,9051,2016-02-23,2016-04-24,72,646.08,3.3,
2242,DELICATO VINEYARDS INC,2016-07-16,10987,2016-06-30,2016-08-19,5484,40809.87,204.05,
90046,CANDIA VINEYARDS,2016-10-19,12436,2016-10-03,2016-11-28,203,2998.95,15.89,
17035,PERNOD RICARD USA,2016-04-18,9590,2016-03-31,2016-05-12,20868,275609.94,1488.29,Frank Delahunt
7153,PINE STATE TRADING CO,2016-06-18,10505,2016-06-02,2016-07-31,9638,71073.32,348.26,
9625,WESTERN SPIRITS BEVERAGE CO,2016-09-18,11935,2016-09-02,2016-10-21,1754,11133.51,61.23,
480,BACARDI USA INC,2016-07-05,10837,2016-06-25,2016-08-12,6718,94479.04,434.6,
9552,M S WALKER INC,2016-10-18,12368,2016-09-28,2016-11-20,25328,196908.29,886.09,
17031,FLAG HILL WINERY & VINEYARD,2016-08-03,11284,2016-07-20,2016-09-04,325,4066.13,22.36,
28776,TALL SHIP DISTILLERY LLC,2016-10-30,12590,2016-10-12,2016-12-10,30,642.18,3.34,
9552,M S WALKER INC,2016-02-26,8865,2016-02-10,2016-04-01,20787,149413.91,821.78,
4950,LATITUDE BEVERAGE COMPANY,2016-12-14,13279,2016-11-29,2017-01-17,2153,12942.39,62.12,
4550,KLIN SPIRITS LLC,2016-07-24,11032,2016-07-03,2016-08-22,77,1259.93,6.55,
1189,BULLY BOY DISTILLERS,2016-01-28,8434,2016-01-12,2016-03-08,30,661.5,3.04,
2242,DELICATO VINEYARDS INC,2016-06-07,10381,2016-05-25,2016-07-17,2761,23965.3,131.81,
2242,DELICATO VINEYARDS INC,2016-04-12,9494,2016-03-24,2016-05-10,6094,65042.59,318.71,
1003,BRONCO WINE COMPANY,2016-04-17,9561,2016-03-30,2016-05-22,24,146.58,0.73,
90056,SWEET BABY VINEYARD,2016-03-06,8976,2016-02-17,2016-04-09,84,700.8,3.15,
90047,CRUSH WINES,2016-11-08,12687,2016-10-20,2016-12-06,588,9614.46,47.11,
6355,NICHE W & S,2016-06-13,10367,2016-05-24,2016-07-16,77,1144.22,5.26,
90052,HAUNTING WHISPER VYDS,2016-06-13,10484,2016-06-01,2016-07-21,24,193.32,1.06,
90010,VINEXTRA INC,2016-05-04,9885,2016-04-20,2016-06-15,228,2117.28,9.53,
7239,REMY COINTREAU USA INC,2016-01-30,8448,2016-01-12,2016-03-06,977,21894.26,98.52,
9815,WINE GROUP INC,2016-11-22,12927,2016-11-04,2016-12-27,17109,101293.66,536.86,
6830,PARK STREET IMPORTS LLC,2016-11-06,12666,2016-10-18,2016-12-16,172,2707.57,14.89,
3089,SIDNEY FRANK IMPORTING CO,2016-02-25,8869,2016-02-10,2016-04-05,3478,26552.78,140.73,
90010,VINEXTRA INC,2016-06-27,10663,2016-06-13,2016-07-31,275,2988.56,14.94,
660,SAZERAC NORTH AMERICA INC.,2016-04-15,9611,2016-04-01,2016-05-25,8063,57966.53,272.44,
105,ALTAMAR BRANDS LLC,2016-09-27,11938,2016-09-04,2016-10-26,18,642.78,3.34,
98450,Serralles Usa LLC,2016-09-09,11763,2016-08-22,2016-10-20,733,27163.64,122.24,
1128,BROWN-FORMAN CORP,2016-07-12,10753,2016-06-20,2016-08-08,15812,209653.2,964.4,
8673,STE MICHELLE WINE ESTATES,2016-03-21,9175,2016-03-02,2016-04-20,4986,36046.31,176.63,
4425,MARTIGNETTI COMPANIES,2016-02-14,8696,2016-01-29,2016-03-25,36056,421757.88,2235.32,Frank Delahunt
10050,Russian Standard Vodka,2016-05-02,9845,2016-04-18,2016-06-10,60,864.06,4.06,
653,STATE WINE & SPIRITS,2016-10-15,12355,2016-09-27,2016-11-25,3417,31228.58,146.77,
17033,SEA BREEZE CELLARS LLC,2016-04-19,9612,2016-04-01,2016-05-17,24,877.92,4.3,
10050,Russian Standard Vodka,2016-06-30,10726,2016-06-17,2016-08-12,172,2236.64,10.96,
9751,VINEDREA WINES LLC,2016-01-09,8204,2015-12-25,2016-02-15,6,136.32,1.23,
9622,WEIN BAUER INC,2016-03-29,9300,2016-03-10,2016-05-03,54,1030.32,5.67,
9751,VINEDREA WINES LLC,2016-07-11,10948,2016-06-27,2016-08-28,4,90.88,0.48,
8004,SAZERAC CO INC,2016-05-09,9924,2016-04-24,2016-06-19,23554,175715.01,861.0,
90032,LABELLE VYDS AND WINERY,2016-07-27,11163,2016-07-12,2016-08-30,153,1717.2,9.27,
8320,SHAW ROSS INT L IMP LTD,2016-07-29,11149,2016-07-11,2016-09-07,1537,13651.94,66.89,
90010,VINEXTRA INC,2016-05-16,9967,2016-04-26,2016-06-21,405,4438.56,22.64,
8673,STE MICHELLE WINE ESTATES,2016-09-05,11828,2016-08-26,2016-10-19,12032,89339.06,482.43,
3089,SIDNEY FRANK IMPORTING CO,2016-07-11,10792,2016-06-22,2016-08-13,3754,34237.07,154.07,
480,BACARDI USA INC,2016-09-06,11748,2016-08-22,2016-10-09,22317,253169.4,1265.85,Frank Delahunt
4425,MARTIGNETTI COMPANIES,2016-11-08,12743,2016-10-24,2016-12-14,42869,516130.15,2477.42,Frank Delahunt
9552,M S WALKER INC,2016-07-04,10769,2016-06-21,2016-08-14,24220,181569.2,817.06,
90032,LABELLE VYDS AND WINERY,2016-06-17,10519,2016-06-03,2016-07-29,316,3406.04,18.73,
28776,TALL SHIP DISTILLERY LLC,2016-03-08,8940,2016-02-15,2016-04-13,11,231.99,1.23,
90024,VINILANDIA USA,2016-08-04,11323,2016-07-22,2016-09-05,1121,10623.36,49.93,
90011,FORTUNE WINE BROKERS LLC,2016-12-01,13034,2016-11-13,2016-12-31,101,878.31,4.13,
90053,INCREDIBREW INC,2016-01-26,8473,2016-01-14,2016-02-28,36,312.96,1.72,
10754,PERFECTA WINES,2016-10-17,12496,2016-10-06,2016-11-26,10703,122543.28,637.23,
1273,CALEDONIA SPIRITS INC,2016-12-29,13467,2016-12-12,2017-01-26,320,10237.85,46.07,
1587,VINEYARD BRANDS INC,2016-10-23,12429,2016-10-02,2016-11-22,1605,11320.2,53.2,
9819,TREASURY WINE ESTATES,2016-10-31,12617,2016-10-14,2016-12-02,5600,36575.9,164.59,
4425,MARTIGNETTI COMPANIES,2016-11-06,12714,2016-10-21,2016-12-06,65533,660216.52,3367.1,Frank Delahunt
2555,DISARONNO INTERNATIONAL LLC,2016-03-15,9098,2016-02-26,2016-04-18,1515,15011.21,79.56,
8320,SHAW ROSS INT L IMP LTD,2016-10-02,12072,2016-09-12,2016-11-12,1269,12902.18,64.51,
90010,VINEXTRA INC,2016-02-11,8672,2016-01-27,2016-03-19,167,1686.02,8.94,
1601,VRANKEN AMERICA,2016-04-04,9517,2016-03-25,2016-05-07,2049,18697.11,91.62,
480,BACARDI USA INC,2016-11-17,12890,2016-11-02,2016-12-29,40775,574958.37,3047.28,Frank Delahunt
1485,CASTLE BRANDS CORP.,2016-02-02,8520,2016-01-18,2016-03-12,1374,22801.47,120.85,
98450,Serralles Usa LLC,2016-02-29,8883,2016-02-11,2016-04-06,113,1692.54,7.79,
9552,M S WALKER INC,2016-01-30,8462,2016-01-13,2016-03-08,19097,161003.31,772.82,
5270,MANGO BOTTLING INC,2016-09-25,12019,2016-09-08,2016-10-30,430,3174.92,14.92,
90047,CRUSH WINES,2016-01-07,8126,2015-12-21,2016-02-21,90,854.1,16.7,
90058,ZORVINO VINEYARDS,2016-12-03,13091,2016-11-15,2017-01-06,113,892.48,4.64,
6355,NICHE W & S,2016-04-28,9778,2016-04-13,2016-06-08,59,870.66,4.53,
1590,DIAGEO CHATEAU ESTATE WINES,2016-08-08,11328,2016-07-24,2016-09-14,1192,8603.27,44.74,
2496,DUGGANS DISTILLED PRODUCTS,2016-10-12,12346,2016-09-27,2016-11-25,239,3304.3,17.18,
10754,PERFECTA WINES,2016-07-09,10884,2016-06-25,2016-08-10,3026,20794.41,99.81,
90047,CRUSH WINES,2016-09-27,12129,2016-09-16,2016-11-05,711,7437.62,34.96,
1590,DIAGEO CHATEAU ESTATE WINES,2016-05-31,10313,2016-05-20,2016-06-30,8837,67673.82,311.3,
1265,BLACK ROCK SPIRITS LLC,2016-02-10,8676,2016-01-28,2016-03-27,6,84.3,0.44,
4550,KLIN SPIRITS LLC,2016-03-29,9336,2016-03-14,2016-05-09,77,1083.39,5.31,
10000,MAJESTIC FINE WINES,2016-08-30,11574,2016-08-09,2016-10-02,10461,81877.22,417.57,
9622,WEIN BAUER INC,2016-01-08,8189,2015-12-24,2016-02-13,12,228.96,4.76,
2876,CENTEUR IMPORTS LLC,2016-09-30,12128,2016-09-16,2016-11-09,30,249.6,1.2,
7240,"PREMIUM PORT WINES, INC.",2016-10-24,12442,2016-10-03,2016-11-21,188,1377.4,7.58,
6355,NICHE W & S,2016-03-22,9204,2016-03-04,2016-04-21,20,305.2,1.56,
6213,MHW LTD,2016-12-06,13063,2016-11-14,2017-01-10,4034,29137.82,145.69,
98450,Serralles Usa LLC,2016-01-27,8428,2016-01-11,2016-03-13,129,1939.08,9.11,
1655,FABRIZIA SPIRITS LLC,2016-06-14,10397,2016-05-26,2016-07-08,333,3899.67,17.94,
2561,EDRINGTON AMERICAS,2016-11-04,12640,2016-10-17,2016-12-10,2748,74400.59,394.32,
8664,"STOLI GROUP,(USA) LLC",2016-03-05,8959,2016-02-16,2016-04-12,3317,50461.92,232.12,
12331,STELLAR IMPORTING CO LLC,2016-01-11,8261,2015-12-30,2016-02-12,72,571.2,2.86,
9815,WINE GROUP INC,2016-06-09,10376,2016-05-24,2016-07-11,18627,109241.2,513.43,
28776,TALL SHIP DISTILLERY LLC,2016-10-18,12447,2016-10-03,2016-11-26,36,756.84,4.16,
4380,CHARLES JACQUIN ET CIE INC,2017-01-03,13485,2016-12-13,2017-02-01,1063,8806.58,44.91,
3089,SIDNEY FRANK IMPORTING CO,2016-10-06,12293,2016-09-23,2016-11-12,42,194.88,0.97,
1485,CASTLE BRANDS CORP.,2016-10-28,12577,2016-10-12,2016-11-25,1718,24857.5,121.8,
7240,"PREMIUM PORT WINES, INC.",2016-03-16,9206,2016-03-04,2016-04-24,147,1079.52,5.83,
2876,CENTEUR IMPORTS LLC,2016-02-21,8795,2016-02-05,2016-03-28,22,191.44,0.88,
90047,CRUSH WINES,2016-06-07,10328,2016-05-22,2016-07-22,356,3375.66,15.53,
2876,CENTEUR IMPORTS LLC,2016-03-05,8948,2016-02-16,2016-04-03,6,48.3,0.23,
10754,PERFECTA WINES,2016-07-11,10991,2016-06-30,2016-08-26,9574,90643.32,407.89,
1273,CALEDONIA SPIRITS INC,2016-06-29,10714,2016-06-17,2016-08-04,195,5866.65,26.99,
17032,JEWELL TOWNE VINEYARDS,2016-10-25,12475,2016-10-05,2016-12-04,130,1068.51,5.02,
90058,ZORVINO VINEYARDS,2016-12-16,13252,2016-11-27,2017-01-18,199,1716.45,8.07,
9815,WINE GROUP INC,2016-02-14,8651,2016-01-26,2016-03-15,17267,100778.73,493.82,
6213,MHW LTD,2016-10-26,12545,2016-10-10,2016-12-02,4133,40995.88,221.38,
3924,HEAVEN HILL DISTILLERIES,2016-08-16,11349,2016-07-25,2016-09-11,9324,75847.74,417.16,
10000,MAJESTIC FINE WINES,2016-09-27,12135,2016-09-16,2016-10-29,5825,47654.82,214.45,
8892,TRINCHERO FAMILY ESTATES,2016-12-06,13050,2016-11-13,2017-01-01,6041,38258.14,179.81,
3960,DIAGEO NORTH AMERICA INC,2016-02-03,8575,2016-01-21,2016-03-06,94829,823878.62,4531.33,Frank Delahunt
90017,THE IMPORTED GRAPE LLC,2016-06-30,10692,2016-06-15,2016-08-13,24,174.0,0.8,
653,STATE WINE & SPIRITS,2016-07-15,10994,2016-06-30,2016-08-25,4284,46283.04,254.56,
4425,MARTIGNETTI COMPANIES,2016-08-16,11435,2016-07-31,2016-10-02,53287,573657.32,2983.02,Frank Delahunt
2000,SOUTHERN GLAZERS W&S OF NE,2016-11-07,12696,2016-10-20,2016-12-13,291,1780.92,9.44,
17031,FLAG HILL WINERY & VINEYARD,2016-07-07,10799,2016-06-23,2016-08-07,214,2957.17,15.08,
8735,SURVILLE ENTERPRISES CORP,2016-03-20,9161,2016-03-01,2016-04-27,54,467.76,2.48,
1587,VINEYARD BRANDS INC,2016-05-28,10145,2016-05-09,2016-06-26,1883,13331.22,67.99,
2561,EDRINGTON AMERICAS,2016-05-26,10127,2016-05-09,2016-06-27,725,23433.74,107.8,
1703,ALISA CARR BEVERAGES,2016-03-21,9243,2016-03-08,2016-04-29,2,189.52,0.99,
660,SAZERAC NORTH AMERICA INC.,2016-07-11,10806,2016-06-23,2016-08-20,7800,55713.49,278.57,
11567,CAMPARI AMERICA,2016-03-04,8963,2016-02-17,2016-04-05,12995,135576.01,677.88,
6215,MOONLIGHT MEADERY,2016-01-31,8487,2016-01-15,2016-03-02,96,887.16,4.7,
28750,SMOKY QUARTZ DISTILLERY LLC,2016-09-23,12020,2016-09-08,2016-10-28,36,793.44,3.73,
1392,CONSTELLATION BRANDS INC,2017-01-03,13646,2016-12-23,2017-02-07,51177,386176.58,1737.79,Frank Delahunt
5270,MANGO BOTTLING INC,2016-06-22,10540,2016-06-05,2016-07-22,1257,9035.87,42.47,
8352,LUXCO INC,2016-01-14,8224,2015-12-28,2016-02-22,5715,43820.57,197.19,
4425,MARTIGNETTI COMPANIES,2016-05-02,9808,2016-04-15,2016-06-10,27965,311577.83,1589.05,Frank Delahunt
8673,STE MICHELLE WINE ESTATES,2016-12-27,13383,2016-12-06,2017-01-22,7510,63128.69,309.33,
90010,VINEXTRA INC,2016-01-04,8205,2015-12-25,2016-02-06,24,176.04,9.41,
4692,KOBRAND CORPORATION,2016-10-26,12543,2016-10-10,2016-12-11,2374,31165.25,162.06,
3960,DIAGEO NORTH AMERICA INC,2016-08-30,11589,2016-08-10,2016-10-05,119801,1104864.79,5855.78,Frank Delahunt
12331,STELLAR IMPORTING CO LLC,2016-10-18,12335,2016-09-26,2016-11-17,36,285.6,1.49,
5270,MANGO BOTTLING INC,2016-08-10,11332,2016-07-24,2016-09-17,41,319.8,1.57,
4380,CHARLES JACQUIN ET CIE INC,2016-02-23,8761,2016-02-03,2016-03-17,833,7874.4,40.95,
7239,REMY COINTREAU USA INC,2016-10-10,12227,2016-09-22,2016-11-19,2404,62221.63,298.66,
516,BANFI PRODUCTS CORP,2016-07-20,11068,2016-07-05,2016-08-19,3989,26786.41,141.97,
5455,MARSALLE COMPANY,2016-09-23,11943,2016-09-04,2016-11-06,168,3553.44,16.35,
10754,PERFECTA WINES,2016-05-04,9879,2016-04-20,2016-06-03,7665,74724.66,366.15,
60,ADAMBA IMPORTS INTL INC,2016-09-20,11952,2016-09-05,2016-10-27,30,488.1,2.29,
8150,SEA HAGG DISTILLERY LLC,2016-05-11,9944,2016-04-25,2016-06-19,175,1858.75,8.92,
90032,LABELLE VYDS AND WINERY,2016-02-15,8785,2016-02-04,2016-04-01,287,3125.11,16.25,
8920,TAKARA SAKE USA INC,2016-02-06,8531,2016-01-18,2016-03-10,186,834.66,4.34,
1273,CALEDONIA SPIRITS INC,2016-07-11,10841,2016-06-25,2016-08-06,39,1198.44,5.99,
4380,CHARLES JACQUIN ET CIE INC,2016-12-26,13391,2016-12-07,2017-02-01,1419,11217.99,51.6,
2496,DUGGANS DISTILLED PRODUCTS,2016-09-09,11777,2016-08-23,2016-10-22,743,11450.87,59.54,
10050,Russian Standard Vodka,2016-06-22,10595,2016-06-08,2016-08-06,115,1396.0,6.56,
90024,VINILANDIA USA,2016-02-23,8775,2016-02-03,2016-03-24,692,6950.75,33.36,
1485,CASTLE BRANDS CORP.,2016-11-05,12655,2016-10-18,2016-12-17,1809,26458.82,140.23,
1655,FABRIZIA SPIRITS LLC,2016-04-12,9537,2016-03-28,2016-05-13,396,4951.18,22.28,
8673,STE MICHELLE WINE ESTATES,2016-01-16,8305,2016-01-01,2016-02-24,6991,52219.32,261.1,
2496,DUGGANS DISTILLED PRODUCTS,2016-10-30,12596,2016-10-13,2016-11-28,210,2383.88,12.4,
90017,THE IMPORTED GRAPE LLC,2016-03-26,9297,2016-03-10,2016-04-22,22,114.18,0.55,
480,BACARDI USA INC,2016-08-01,11188,2016-07-14,2016-09-09,58643,792646.81,3804.7,Frank Delahunt
3089,SIDNEY FRANK IMPORTING CO,2016-06-20,10627,2016-06-10,2016-08-07,3771,33123.84,172.24,
1273,CALEDONIA SPIRITS INC,2016-04-25,9619,2016-04-03,2016-06-02,182,5762.29,28.81,
9815,WINE GROUP INC,2016-04-13,9599,2016-03-31,2016-05-26,11679,75226.93,361.09,
90057,WALPOLE MTN VIEW WINERY,2016-06-15,10477,2016-05-31,2016-07-16,36,420.36,1.89,
9622,WEIN BAUER INC,2016-11-08,12826,2016-10-28,2016-12-21,129,1024.83,5.12,
1650,Circa Wines,2016-10-18,12469,2016-10-05,2016-11-29,12,99.24,0.48,
9206,PHILLIPS PRODUCTS CO.,2016-08-27,11616,2016-08-11,2016-10-02,1414,17931.19,87.86,
8004,SAZERAC CO INC,2016-03-29,9365,2016-03-16,2016-05-10,17653,104643.36,481.36,
3664,WILLIAM GRANT & SONS INC,2016-11-17,12897,2016-11-02,2016-12-24,4871,91235.95,447.06,
9206,PHILLIPS PRODUCTS CO.,2016-12-27,13493,2016-12-13,2017-02-04,587,7552.4,39.27,
172662,SWEETWATER FARM,2016-11-06,12682,2016-10-19,2016-12-06,7,140.27,0.76,
98450,Serralles Usa LLC,2016-11-13,12805,2016-10-27,2016-12-25,184,2550.96,11.99,
1265,BLACK ROCK SPIRITS LLC,2016-04-22,9641,2016-04-04,2016-05-28,3,42.15,0.23,
10754,PERFECTA WINES,2016-08-04,11235,2016-07-17,2016-09-09,15829,140492.64,646.27,
12546,JIM BEAM BRANDS COMPANY,2016-08-22,11464,2016-08-02,2016-09-22,72999,487618.33,2389.33,Frank Delahunt
4550,KLIN SPIRITS LLC,2016-08-17,11496,2016-08-04,2016-09-28,138,2233.63,12.28,
3551,GILMANTON WINERY & VINEYARD,2016-11-15,12905,2016-11-03,2016-12-27,12,124.56,0.66,
7153,PINE STATE TRADING CO,2016-10-11,12185,2016-09-20,2016-11-03,15756,145207.55,697.0,
2396,BLACK PRINCE DISTILLERY INC,2016-04-24,9691,2016-04-07,2016-05-31,12,54.0,0.28,
2876,CENTEUR IMPORTS LLC,2016-04-14,9534,2016-03-28,2016-05-27,36,237.48,1.19,
4550,KLIN SPIRITS LLC,2016-11-07,12712,2016-10-21,2016-12-13,140,2207.45,11.48,
1392,CONSTELLATION BRANDS INC,2016-01-30,8419,2016-01-11,2016-03-01,24638,161291.06,758.07,
17037,Dunn Wine Brokers,2016-09-19,12015,2016-09-08,2016-11-06,82,981.96,4.81,
90032,LABELLE VYDS AND WINERY,2016-11-14,12801,2016-10-27,2016-12-10,179,1895.08,9.48,
4692,KOBRAND CORPORATION,2016-07-05,10785,2016-06-22,2016-08-05,1929,24375.48,119.44,
90032,LABELLE VYDS AND WINERY,2016-02-26,8904,2016-02-12,2016-04-05,228,2545.32,11.71,
90058,ZORVINO VINEYARDS,2016-03-27,9242,2016-03-07,2016-05-02,130,1163.59,5.24,
1703,ALISA CARR BEVERAGES,2016-11-23,12977,2016-11-09,2017-01-02,2,155.84,0.83,
90053,INCREDIBREW INC,2016-02-23,8901,2016-02-12,2016-04-02,72,637.44,3.44,
2561,EDRINGTON AMERICAS,2016-12-20,13339,2016-12-04,2017-02-03,1257,35769.85,182.43,
2450,DJINN SPIRITS LLC,2016-02-24,8862,2016-02-10,2016-03-30,30,624.72,3.25,
5455,MARSALLE COMPANY,2016-01-19,8275,2015-12-31,2016-02-28,131,3850.37,20.79,
2000,SOUTHERN WINE & SPIRITS NE,2016-11-02,12681,2016-10-19,2016-12-18,5355,49673.54,233.47,
4848,LAIRD & CO,2016-07-10,10767,2016-06-21,2016-08-14,300,2713.66,14.11,
8664,"STOLI GROUP,(USA) LLC",2016-03-16,9160,2016-03-01,2016-04-28,2729,40998.15,204.99,
8892,TRINCHERO FAMILY ESTATES,2016-08-09,11309,2016-07-21,2016-09-17,7529,53088.71,244.21,
7153,PINE STATE TRADING CO,2016-07-02,10724,2016-06-17,2016-07-29,7378,56701.71,300.52,
28750,SMOKY QUARTZ DISTILLERY LLC,2016-09-20,11914,2016-09-01,2016-10-20,69,1514.04,7.87,
7240,"PREMIUM PORT WINES, INC.",2016-06-06,10388,2016-05-25,2016-07-09,107,757.75,3.64,
9819,TREASURY WINE ESTATES,2016-07-10,10828,2016-06-24,2016-08-14,9460,56479.66,271.1,
3924,HEAVEN HILL DISTILLERIES,2016-04-17,9525,2016-03-27,2016-05-22,4871,38094.99,205.71,
90057,WALPOLE MTN VIEW WINERY,2016-05-29,10147,2016-05-09,2016-06-24,5,57.05,0.26,
7154,PREMIER DISTRIBUTORS,2016-12-26,13475,2016-12-12,2017-02-11,176,2171.37,9.77,
8673,STE MICHELLE WINE ESTATES,2016-10-13,12356,2016-09-27,2016-11-21,7164,53462.34,256.62,
2555,DISARONNO INTERNATIONAL LLC,2016-06-14,10350,2016-05-23,2016-07-10,2173,24137.18,130.34,
9744,FREDERICK WILDMAN & SONS,2016-03-21,9184,2016-03-03,2016-04-17,791,8341.36,44.21,
10754,PERFECTA WINES,2016-11-12,12733,2016-10-23,2016-12-10,11807,117334.01,551.47,
2242,DELICATO VINEYARDS INC,2016-05-08,9835,2016-04-18,2016-06-19,1635,12727.28,66.18,
90052,HAUNTING WHISPER VYDS,2016-01-11,8292,2016-01-01,2016-02-14,60,480.72,2.55,
90058,ZORVINO VINEYARDS,2016-10-13,12341,2016-09-26,2016-11-23,178,1572.43,7.39,
6355,NICHE W & S,2016-06-13,10489,2016-06-01,2016-07-25,65,955.5,4.87,
10000,MAJESTIC FINE WINES,2016-03-14,9120,2016-02-28,2016-04-27,5467,40919.79,204.6,
90053,INCREDIBREW INC,2016-07-31,11143,2016-07-11,2016-08-29,48,436.56,2.4,
10050,Russian Standard Vodka,2016-09-14,11845,2016-08-28,2016-10-19,99,1256.34,6.41,
172662,SWEETWATER FARM,2016-02-23,8822,2016-02-07,2016-03-29,3,58.2,0.31,
8112,MOET HENNESSY USA INC,2016-02-29,9002,2016-02-19,2016-04-05,5365,108549.52,510.18,
60,ADAMBA IMPORTS INTL INC,2016-11-22,12913,2016-11-04,2016-12-31,130,2057.14,9.26,
9622,WEIN BAUER INC,2016-03-02,8961,2016-02-16,2016-04-03,37,705.96,3.53,
4848,LAIRD & CO,2016-12-17,13261,2016-11-28,2017-01-25,218,1865.06,9.14,
660,SAZERAC NORTH AMERICA INC.,2016-08-23,11599,2016-08-10,2016-09-23,12971,96571.16,531.14,
5455,MARSALLE COMPANY,2016-10-11,12278,2016-09-23,2016-11-18,36,344.88,1.66,
10000,MAJESTIC FINE WINES,2016-02-03,8579,2016-01-21,2016-03-09,3659,31967.72,150.25,
7154,PREMIER DISTRIBUTORS,2016-05-26,10162,2016-05-10,2016-06-27,89,1301.45,6.9,
90037,THE PIERPONT GROUP LLC,2016-09-07,11767,2016-08-22,2016-10-15,12,81.6,0.42,
2000,SOUTHERN WINE & SPIRITS NE,2016-05-08,9862,2016-04-19,2016-06-09,10929,91229.37,465.27,
4425,MARTIGNETTI COMPANIES,2016-05-11,9973,2016-04-27,2016-06-24,46545,459435.46,2251.23,Frank Delahunt
5455,MARSALLE COMPANY,2016-05-05,9911,2016-04-22,2016-06-02,62,1628.33,7.33,
1650,Circa Wines,2016-02-09,8653,2016-01-27,2016-03-17,162,5380.02,27.44,
5455,MARSALLE COMPANY,2016-09-10,11823,2016-08-26,2016-10-13,237,6224.78,29.88,
90053,INCREDIBREW INC,2016-06-08,10331,2016-05-22,2016-07-15,72,625.92,3.38,
2555,DISARONNO INTERNATIONAL LLC,2016-02-24,8808,2016-02-07,2016-04-02,2477,19943.33,93.73,
7239,REMY COINTREAU USA INC,2017-01-10,13587,2016-12-19,2017-02-17,3316,73446.31,337.85,
3960,DIAGEO NORTH AMERICA INC,2016-03-28,9302,2016-03-11,2016-04-30,81771,645253.01,3032.69,Frank Delahunt
17035,PERNOD RICARD USA,2016-01-25,8315,2016-01-03,2016-02-25,17180,220470.75,1080.31,
10050,Russian Standard Vodka,2016-08-02,11132,2016-07-10,2016-09-09,389,7666.3,42.16,
1590,DIAGEO CHATEAU ESTATE WINES,2016-11-11,12814,2016-10-28,2016-12-15,7351,55914.22,257.21,
17033,SEA BREEZE CELLARS LLC,2016-05-31,10182,2016-05-11,2016-07-02,315,4074.73,21.6,
8664,"STOLI GROUP,(USA) LLC",2017-01-06,13623,2016-12-21,2017-02-08,7647,68885.21,344.43,
8150,SEA HAGG DISTILLERY LLC,2016-07-19,10961,2016-06-28,2016-08-18,161,1729.01,7.95,
3664,WILLIAM GRANT & SONS INC,2016-04-04,9448,2016-03-21,2016-05-18,5712,137338.89,672.96,
660,SAZERAC NORTH AMERICA INC.,2016-07-05,10673,2016-06-14,2016-08-06,10254,72846.56,335.09,
3924,HEAVEN HILL DISTILLERIES,2016-09-13,11838,2016-08-28,2016-10-24,6887,58270.38,314.66,
2000,SOUTHERN WINE & SPIRITS NE,2016-08-11,11373,2016-07-26,2016-09-15,10422,82212.71,369.96,
28776,TALL SHIP DISTILLERY LLC,2016-09-20,11917,2016-09-01,2016-10-30,12,259.8,1.3,
90046,CANDIA VINEYARDS,2016-12-22,13338,2016-12-04,2017-01-24,36,359.76,1.91,
3924,HEAVEN HILL DISTILLERIES,2016-12-09,13206,2016-11-24,2017-01-07,5807,43256.67,194.66,
9625,WESTERN SPIRITS BEVERAGE CO,2016-12-02,13103,2016-11-16,2017-01-11,643,5489.64,28.55,
480,BACARDI USA INC,2016-07-14,10999,2016-07-01,2016-08-18,45585,614734.81,3012.2,Frank Delahunt
12331,STELLAR IMPORTING CO LLC,2016-09-28,12139,2016-09-16,2016-11-04,84,656.88,3.02,
7239,REMY COINTREAU USA INC,2016-09-18,11912,2016-09-01,2016-10-30,2056,49010.19,230.35,
1655,FABRIZIA SPIRITS LLC,2016-04-24,9694,2016-04-07,2016-05-24,326,3915.84,20.75,
90051,FULCHINO VINEYARD INC,2016-05-13,9921,2016-04-24,2016-06-09,48,570.0,2.91,
8150,SEA HAGG DISTILLERY LLC,2016-09-26,11983,2016-09-06,2016-11-02,339,3887.53,19.44,
9622,WEIN BAUER INC,2016-07-11,10997,2016-06-30,2016-08-26,96,1831.68,8.98,
660,SAZERAC NORTH AMERICA INC.,2016-10-20,12480,2016-10-05,2016-11-28,16218,85232.03,400.59,
5992,MCCORMICK DISTILLING CO,2016-08-30,11530,2016-08-07,2016-09-25,831,8491.68,38.21,
3089,SIDNEY FRANK IMPORTING CO,2016-04-07,9467,2016-03-22,2016-05-09,2832,21652.88,116.93,
2450,DJINN SPIRITS LLC,2016-01-20,8379,2016-01-07,2016-02-20,9,194.22,1.05,
8664,"STOLI GROUP,(USA) LLC",2016-10-09,12298,2016-09-23,2016-11-11,80,1157.03,6.36,
4380,CHARLES JACQUIN ET CIE INC,2016-03-04,8915,2016-02-14,2016-04-03,572,4700.66,23.97,
4950,LATITUDE BEVERAGE COMPANY,2016-02-19,8764,2016-02-03,2016-03-18,650,3774.13,17.74,
7239,REMY COINTREAU USA INC,2016-01-19,8365,2016-01-06,2016-03-05,1033,21832.98,117.9,
9206,PHILLIPS PRODUCTS CO.,2016-02-16,8700,2016-01-29,2016-03-12,1148,6430.47,29.58,
9622,WEIN BAUER INC,2016-08-17,11443,2016-07-31,2016-09-17,30,572.4,2.8,
8673,STE MICHELLE WINE ESTATES,2016-07-23,11040,2016-07-03,2016-08-20,8184,58835.9,311.83,
17033,SEA BREEZE CELLARS LLC,2016-02-01,8563,2016-01-20,2016-03-03,89,1100.66,6.05,
10754,PERFECTA WINES,2016-05-15,9942,2016-04-25,2016-06-16,10342,104613.53,543.99,
516,BANFI PRODUCTS CORP,2016-07-09,10733,2016-06-19,2016-08-10,2742,22151.33,115.19,
8004,SAZERAC CO INC,2016-11-15,12782,2016-10-26,2016-12-17,27395,178947.26,841.05,
9625,WESTERN SPIRITS BEVERAGE CO,2016-03-28,9256,2016-03-08,2016-04-27,166,2842.69,14.5,
8004,SAZERAC CO INC,2016-04-27,9729,2016-04-10,2016-06-02,20075,133873.24,736.3,
17032,JEWELL TOWNE VINEYARDS,2016-08-01,11286,2016-07-20,2016-09-09,120,932.04,5.13,
10050,Russian Standard Vodka,2016-10-12,12389,2016-09-29,2016-11-25,36,542.28,2.44,
3924,HEAVEN HILL DISTILLERIES,2016-03-08,8985,2016-02-18,2016-04-05,5482,45457.32,218.2,
9815,WINE GROUP INC,2016-06-22,10577,2016-06-07,2016-07-23,16576,99078.33,535.02,
12331,STELLAR IMPORTING CO LLC,2016-04-19,9704,2016-04-07,2016-05-30,48,353.04,1.77,
1485,CASTLE BRANDS CORP.,2016-01-12,8236,2015-12-29,2016-02-17,2714,45057.22,202.76,
9260,TY KU LLC,2016-05-09,9994,2016-04-28,2016-06-21,76,776.65,4.04,
4692,KOBRAND CORPORATION,2016-12-08,13143,2016-11-20,2017-01-12,3098,43173.77,198.6,
2450,DJINN SPIRITS LLC,2016-03-26,9216,2016-03-06,2016-04-21,6,129.48,0.65,
90047,CRUSH WINES,2016-05-23,10083,2016-05-05,2016-06-18,315,4094.7,18.43,
1587,VINEYARD BRANDS INC,2016-09-23,11989,2016-09-06,2016-11-04,2796,19879.11,97.41,
2242,DELICATO VINEYARDS INC,2016-01-16,8253,2015-12-30,2016-02-12,2688,23076.33,120.0,
1392,CONSTELLATION BRANDS INC,2016-09-14,11883,2016-08-31,2016-10-30,49265,315031.2,1480.65,Frank Delahunt
3950,"HOOD RIVER DISTILLERS, Inc.",2016-01-08,8195,2015-12-25,2016-02-07,6,129.48,3.44,
11567,CAMPARI AMERICA,2016-09-12,11772,2016-08-23,2016-10-16,9617,75865.43,402.09,
5612,MILTONS DISTRIBUTING CO,2016-04-25,9683,2016-04-06,2016-05-20,12,104.4,0.52,
7240,"PREMIUM PORT WINES, INC.",2016-06-04,10266,2016-05-17,2016-07-15,110,829.72,4.4,
4692,KOBRAND CORPORATION,2017-01-02,13615,2016-12-21,2017-02-09,4532,61291.11,306.46,
10754,PERFECTA WINES,2016-01-23,8395,2016-01-08,2016-02-27,6644,58586.59,322.23,
8735,SURVILLE ENTERPRISES CORP,2016-12-27,13385,2016-12-06,2017-01-20,247,1676.95,7.88,
90017,THE IMPORTED GRAPE LLC,2016-07-09,10811,2016-06-23,2016-08-11,12,110.88,0.59,
1128,BROWN-FORMAN CORP,2016-04-15,9521,2016-03-27,2016-05-23,17366,214028.06,1027.33,
5992,MCCORMICK DISTILLING CO,2016-03-25,9234,2016-03-07,2016-05-03,399,3525.75,15.87,
105,ALTAMAR BRANDS LLC,2016-11-11,12765,2016-10-26,2016-12-11,6,214.26,1.11,
90053,INCREDIBREW INC,2016-11-01,12689,2016-10-20,2016-12-18,24,207.84,1.08,
4380,CHARLES JACQUIN ET CIE INC,2016-10-07,12219,2016-09-22,2016-11-13,1317,7322.23,35.88,
1485,CASTLE BRANDS CORP.,2016-10-16,12364,2016-09-28,2016-11-17,1344,20145.19,104.75,
8112,MOET HENNESSY USA INC,2016-07-21,11101,2016-07-07,2016-08-29,9265,215145.84,1054.21,
6359,OLE SMOKY DISTILLERY LLC,2016-03-18,9188,2016-03-03,2016-04-23,215,3053.3,16.18,
6213,MHW LTD,2016-09-26,11963,2016-09-05,2016-11-06,1860,22750.89,102.38,
1485,CASTLE BRANDS CORP.,2016-09-04,11700,2016-08-18,2016-10-02,2442,35960.1,165.42,
8112,MOET HENNESSY USA INC,2016-11-03,12716,2016-10-21,2016-12-04,20863,476300.61,2476.76,Frank Delahunt
7255,PSP WINES,2016-10-16,12388,2016-09-29,2016-11-13,299,2316.03,11.35,
6213,MHW LTD,2016-08-26,11531,2016-08-07,2016-10-04,4744,55450.43,304.98,
28750,SMOKY QUARTZ DISTILLERY LLC,2016-07-04,10793,2016-06-22,2016-08-21,40,834.44,4.59,
1485,CASTLE BRANDS CORP.,2016-01-18,8309,2016-01-03,2016-02-27,1418,24411.92,124.5,
6213,MHW LTD,2016-07-11,11012,2016-07-01,2016-08-22,4758,51320.04,230.94,
2000,SOUTHERN WINE & SPIRITS NE,2016-06-06,10251,2016-05-16,2016-07-05,14830,126932.71,621.97,
90047,CRUSH WINES,2016-04-02,9393,2016-03-18,2016-05-11,225,2509.67,11.29,
17035,PERNOD RICARD USA,2017-01-03,13597,2016-12-20,2017-02-16,48425,663584.35,3649.71,Frank Delahunt
5270,MANGO BOTTLING INC,2016-06-08,10351,2016-05-23,2016-07-08,1164,8385.04,44.44,
9552,M S WALKER INC,2016-02-12,8626,2016-01-25,2016-03-19,22558,175471.77,894.91,
17032,JEWELL TOWNE VINEYARDS,2016-09-26,12133,2016-09-16,2016-11-13,106,908.96,4.73,
480,BACARDI USA INC,2016-05-18,10022,2016-05-01,2016-06-28,21903,274587.75,1400.4,Frank Delahunt
1587,VINEYARD BRANDS INC,2016-05-12,10019,2016-04-29,2016-06-23,2639,22329.89,122.81,
1128,BROWN-FORMAN CORP,2016-04-18,9672,2016-04-06,2016-06-01,14873,190511.13,857.3,
12546,JIM BEAM BRANDS COMPANY,2016-02-02,8503,2016-01-17,2016-03-08,73562,403519.01,1856.19,Frank Delahunt
9744,FREDERICK WILDMAN & SONS,2016-06-02,10315,2016-05-20,2016-07-01,2091,17972.42,97.05,
4848,LAIRD & CO,2017-01-05,13649,2016-12-23,2017-02-15,511,5285.08,28.01,
12331,STELLAR IMPORTING CO LLC,2016-07-14,10995,2016-06-30,2016-08-11,24,153.12,0.69,
2876,CENTEUR IMPORTS LLC,2016-04-25,9673,2016-04-06,2016-05-30,12,105.42,0.51,
90032,LABELLE VYDS AND WINERY,2016-07-15,10927,2016-06-26,2016-08-14,168,1819.08,9.46,
8735,SURVILLE ENTERPRISES CORP,2016-08-07,11240,2016-07-17,2016-09-07,77,600.17,3.06,
7255,PSP WINES,2016-11-05,12717,2016-10-21,2016-12-05,315,2258.81,12.2,
2496,DUGGANS DISTILLED PRODUCTS,2016-07-18,11112,2016-07-08,2016-08-21,154,2650.12,12.99,
6785,PALM BAY INTERNATIONAL INC,2016-11-28,13100,2016-11-16,2017-01-05,7598,55148.67,270.23,
6355,NICHE W & S,2016-11-13,12744,2016-10-24,2016-12-22,115,1643.61,8.38,
2396,BLACK PRINCE DISTILLERY INC,2016-04-08,9474,2016-03-23,2016-05-13,26,265.46,1.33,
2555,DISARONNO INTERNATIONAL LLC,2016-11-12,12795,2016-10-27,2016-12-18,2236,27596.03,151.78,
172662,SWEETWATER FARM,2016-04-05,9430,2016-03-20,2016-05-22,157,3081.34,16.02,
1485,CASTLE BRANDS CORP.,2016-05-31,10312,2016-05-20,2016-07-07,1803,26639.61,127.87,
11567,CAMPARI AMERICA,2016-10-25,12453,2016-10-04,2016-11-29,11435,85640.17,471.02,
9206,PHILLIPS PRODUCTS CO.,2016-10-11,12370,2016-09-28,2016-11-22,633,8009.59,40.05,
8004,SAZERAC CO INC,2016-07-25,11038,2016-07-03,2016-09-03,26674,194193.14,932.13,
7239,REMY COINTREAU USA INC,2016-08-23,11576,2016-08-09,2016-09-29,4238,103895.9,488.31,
90046,CANDIA VINEYARDS,2016-01-27,8458,2016-01-13,2016-02-28,12,230.04,1.08,
1587,VINEYARD BRANDS INC,2016-02-02,8430,2016-01-11,2016-03-07,1638,11823.28,57.93,
8673,STE MICHELLE WINE ESTATES,2016-08-08,11239,2016-07-17,2016-09-13,8833,63199.79,309.68,
90051,FULCHINO VINEYARD INC,2016-11-11,12798,2016-10-27,2016-12-08,12,164.28,0.87,
2242,DELICATO VINEYARDS INC,2016-07-20,11027,2016-07-03,2016-08-28,2367,19242.38,101.98,
1485,CASTLE BRANDS CORP.,2017-01-03,13579,2016-12-19,2017-02-02,3535,57414.08,304.29,
98450,Serralles Usa LLC,2016-05-02,9882,2016-04-20,2016-06-11,165,2364.5,12.3,
1655,FABRIZIA SPIRITS LLC,2016-11-26,12983,2016-11-09,2016-12-31,428,5552.44,29.43,
660,SAZERAC NORTH AMERICA INC.,2016-01-18,8259,2015-12-30,2016-02-26,9281,69321.83,346.61,
8320,SHAW ROSS INT L IMP LTD,2016-01-08,8166,2015-12-23,2016-02-11,279,2392.18,51.37,
4466,AMERICAN VINTAGE BEVERAGE,2016-12-16,13254,2016-11-28,2017-01-13,262,2530.36,11.39,
7240,"PREMIUM PORT WINES, INC.",2016-01-23,8387,2016-01-07,2016-02-24,120,872.97,4.36,
4692,KOBRAND CORPORATION,2016-12-28,13522,2016-12-15,2017-01-27,4342,54131.48,265.24,
9260,TY KU LLC,2016-02-02,8480,2016-01-14,2016-03-02,12,76.92,0.38,
90017,THE IMPORTED GRAPE LLC,2016-04-13,9578,2016-03-30,2016-05-15,24,137.16,0.63,
4692,KOBRAND CORPORATION,2016-07-28,11196,2016-07-14,2016-08-31,2214,25950.99,121.97,
8673,STE MICHELLE WINE ESTATES,2016-03-28,9253,2016-03-08,2016-04-21,3644,26275.16,136.63,
90058,ZORVINO VINEYARDS,2016-03-20,9195,2016-03-03,2016-04-15,154,1192.15,6.56,
5455,MARSALLE COMPANY,2016-02-24,8849,2016-02-09,2016-04-09,132,3718.02,17.47,
17033,SEA BREEZE CELLARS LLC,2016-12-19,13315,2016-12-01,2017-01-18,150,1730.37,8.82,
17037,Dunn Wine Brokers,2016-05-23,10174,2016-05-11,2016-06-26,135,2156.02,11.43,
12546,JIM BEAM BRANDS COMPANY,2016-04-20,9708,2016-04-08,2016-05-21,39751,334420.92,1805.87,Frank Delahunt
90051,FULCHINO VINEYARD INC,2016-03-21,9287,2016-03-10,2016-04-23,12,120.72,0.64,
90027,POVERTY LANE ORCHARDS,2016-05-14,9963,2016-04-26,2016-06-16,36,261.96,1.31,
8004,SAZERAC CO INC,2016-02-10,8611,2016-01-24,2016-03-18,20718,157800.62,820.56,
4950,LATITUDE BEVERAGE COMPANY,2016-09-08,11799,2016-08-24,2016-10-17,787,4862.6,24.31,
1273,CALEDONIA SPIRITS INC,2016-07-31,11189,2016-07-14,2016-09-06,187,5623.82,29.24,
4380,CHARLES JACQUIN ET CIE INC,2016-10-26,12540,2016-10-10,2016-11-25,880,6675.97,31.38,
9819,TREASURY WINE ESTATES,2016-10-07,12301,2016-09-23,2016-11-06,834,5097.48,25.49,
10050,Russian Standard Vodka,2016-04-30,9728,2016-04-10,2016-05-30,118,1504.76,7.22,
4466,AMERICAN VINTAGE BEVERAGE,2016-03-31,9371,2016-03-17,2016-05-13,176,1649.2,8.91,
2396,BLACK PRINCE DISTILLERY INC,2016-06-24,10580,2016-06-08,2016-07-27,12,52.08,0.27,
90058,ZORVINO VINEYARDS,2016-05-09,10020,2016-04-29,2016-06-19,180,1495.56,6.73,
3252,E & J GALLO WINERY,2016-07-18,11074,2016-07-05,2016-09-03,29595,207994.92,998.38,
7240,"PREMIUM PORT WINES, INC.",2016-01-19,8227,2015-12-28,2016-02-18,158,1133.08,5.89,
388,ATLANTIC IMPORTING COMPANY,2016-07-25,11171,2016-07-13,2016-09-05,19,405.08,1.86,
4380,CHARLES JACQUIN ET CIE INC,2016-09-12,11808,2016-08-25,2016-10-20,746,6379.09,28.71,
8735,SURVILLE ENTERPRISES CORP,2016-10-06,12299,2016-09-23,2016-11-09,12,88.56,0.44,
90032,LABELLE VYDS AND WINERY,2016-12-13,13223,2016-11-25,2017-01-05,569,6034.94,31.38,
7255,PSP WINES,2016-02-05,8541,2016-01-19,2016-03-06,416,3247.06,17.21,
8112,MOET HENNESSY USA INC,2017-01-03,13635,2016-12-22,2017-02-12,15003,316863.94,1457.57,Frank Delahunt
4692,KOBRAND CORPORATION,2016-10-23,12438,2016-10-03,2016-11-24,2303,26747.69,123.04,
2555,DISARONNO INTERNATIONAL LLC,2016-04-25,9625,2016-04-03,2016-05-22,1175,12109.99,59.34,
90010,VINEXTRA INC,2016-02-23,8890,2016-02-11,2016-03-30,144,1998.84,10.39,
90057,WALPOLE MTN VIEW WINERY,2016-07-28,11206,2016-07-14,2016-08-31,36,410.28,1.89,
17035,PERNOD RICARD USA,2016-08-08,11250,2016-07-18,2016-09-08,37347,568253.17,3125.39,Frank Delahunt
105,ALTAMAR BRANDS LLC,2016-08-23,11565,2016-08-09,2016-09-22,12,428.52,2.1,
90024,VINILANDIA USA,2016-04-19,9656,2016-04-04,2016-05-25,1423,12883.31,64.42,
7154,PREMIER DISTRIBUTORS,2016-03-29,9326,2016-03-13,2016-05-09,119,1640.83,8.2,
653,STATE WINE & SPIRITS,2016-05-15,9978,2016-04-27,2016-06-23,2733,26428.77,121.57,
480,BACARDI USA INC,2016-06-27,10550,2016-06-06,2016-08-05,33594,435940.79,2048.92,Frank Delahunt
4466,AMERICAN VINTAGE BEVERAGE,2016-03-01,8892,2016-02-12,2016-03-28,117,1096.05,5.15,
9751,VINEDREA WINES LLC,2016-06-14,10461,2016-05-30,2016-07-27,12,272.64,1.5,
1601,VRANKEN AMERICA,2016-10-14,12395,2016-09-29,2016-11-18,78,1341.78,6.04,
90024,VINILANDIA USA,2016-08-14,11361,2016-07-25,2016-09-18,1660,14084.68,69.01,
90010,VINEXTRA INC,2016-03-04,9012,2016-02-19,2016-04-05,96,1106.22,5.53,
17033,SEA BREEZE CELLARS LLC,2016-02-16,8702,2016-01-29,2016-03-16,131,2677.14,13.65,
10050,Russian Standard Vodka,2016-12-10,13147,2016-11-20,2017-01-13,84,1272.0,6.74,
90011,FORTUNE WINE BROKERS LLC,2016-02-07,8576,2016-01-21,2016-03-16,125,1092.69,5.14,
9552,M S WALKER INC,2016-12-11,13209,2016-11-24,2017-01-15,46468,333609.94,1501.24,Frank Delahunt
6785,PALM BAY INTERNATIONAL INC,2016-07-06,10759,2016-06-20,2016-08-10,5184,36372.01,163.67,
11567,CAMPARI AMERICA,2016-06-12,10379,2016-05-25,2016-07-23,11274,114537.35,629.96,
90056,SWEET BABY VINEYARD,2016-04-12,9543,2016-03-28,2016-05-27,164,1392.91,7.52,
9819,TREASURY WINE ESTATES,2016-02-07,8600,2016-01-22,2016-03-10,15535,91556.42,421.16,
388,ATLANTIC IMPORTING COMPANY,2016-05-09,9818,2016-04-17,2016-06-04,29,618.28,2.97,
12546,JIM BEAM BRANDS COMPANY,2016-07-04,10654,2016-06-13,2016-08-04,48870,461195.66,2490.46,Frank Delahunt
9622,WEIN BAUER INC,2016-06-14,10425,2016-05-27,2016-07-14,41,628.08,3.39,
9165,ULTRA BEVERAGE COMPANY LLP,2016-03-22,9298,2016-03-10,2016-04-21,11560,141718.8,651.91,
6213,MHW LTD,2016-11-21,12842,2016-10-30,2016-12-17,4258,37011.58,196.16,
10754,PERFECTA WINES,2016-03-20,9155,2016-03-01,2016-04-21,9437,94060.62,517.33,
5992,MCCORMICK DISTILLING CO,2016-10-16,12406,2016-09-30,2016-11-19,510,5980.93,27.51,
9552,M S WALKER INC,2016-02-01,8553,2016-01-20,2016-03-13,25902,195041.48,877.69,
98450,Serralles Usa LLC,2016-11-28,12938,2016-11-06,2017-01-08,161,2211.4,10.17,
3924,HEAVEN HILL DISTILLERIES,2016-04-30,9770,2016-04-13,2016-06-09,5917,53331.59,282.66,
4550,KLIN SPIRITS LLC,2016-07-11,10865,2016-06-25,2016-08-10,106,2088.94,10.03,
10754,PERFECTA WINES,2016-11-27,13021,2016-11-11,2016-12-29,9042,116854.46,642.7,
6215,MOONLIGHT MEADERY,2016-05-31,10178,2016-05-11,2016-07-03,39,357.27,1.64,
90046,CANDIA VINEYARDS,2016-06-05,10226,2016-05-15,2016-07-13,48,702.0,3.58,
17033,SEA BREEZE CELLARS LLC,2016-01-18,8350,2016-01-05,2016-02-20,59,581.07,2.91,
2555,DISARONNO INTERNATIONAL LLC,2016-12-06,13203,2016-11-24,2017-01-07,2899,40110.26,200.55,
8673,STE MICHELLE WINE ESTATES,2016-04-12,9513,2016-03-25,2016-05-06,12870,84970.03,441.84,
8112,MOET HENNESSY USA INC,2016-02-25,8832,2016-02-08,2016-03-27,4696,88961.9,489.29,
90032,LABELLE VYDS AND WINERY,2016-12-15,13310,2016-12-01,2017-01-17,130,1404.36,6.74,
8320,SHAW ROSS INT L IMP LTD,2017-01-09,13568,2016-12-18,2017-02-13,1437,13382.54,60.22,
9552,M S WALKER INC,2016-01-19,8345,2016-01-05,2016-03-02,18247,173132.79,865.66,
4550,KLIN SPIRITS LLC,2016-09-23,11977,2016-09-06,2016-11-02,106,1735.86,8.68,
17035,PERNOD RICARD USA,2016-02-26,8866,2016-02-10,2016-04-05,23045,345003.69,1725.02,Frank Delahunt
8320,SHAW ROSS INT L IMP LTD,2016-04-19,9556,2016-03-29,2016-05-13,1032,8443.89,39.69,
1392,CONSTELLATION BRANDS INC,2016-10-10,12381,2016-09-29,2016-11-19,51676,332920.23,1697.89,Frank Delahunt
4550,KLIN SPIRITS LLC,2016-05-16,9938,2016-04-25,2016-06-24,177,2490.39,11.95,
172662,SWEETWATER FARM,2016-12-19,13290,2016-11-29,2017-01-13,24,511.04,2.66,
1650,Circa Wines,2016-02-26,8896,2016-02-12,2016-03-24,27,175.23,0.82,
6785,PALM BAY INTERNATIONAL INC,2016-08-03,11271,2016-07-19,2016-09-06,10968,79500.55,389.55,
3924,HEAVEN HILL DISTILLERIES,2016-03-11,9068,2016-02-24,2016-04-11,6997,41070.22,188.92,
2555,DISARONNO INTERNATIONAL LLC,2016-10-20,12471,2016-10-05,2016-12-04,2949,30326.47,142.53,
660,SAZERAC NORTH AMERICA INC.,2016-02-18,8751,2016-02-02,2016-04-01,7578,55939.3,262.91,
90010,VINEXTRA INC,2016-10-04,12103,2016-09-14,2016-11-13,149,1796.04,8.98,
7153,PINE STATE TRADING CO,2016-03-08,9004,2016-02-19,2016-04-14,5596,38942.84,190.82,
1273,CALEDONIA SPIRITS INC,2016-08-19,11475,2016-08-03,2016-09-23,238,7192.38,36.68,
1587,VINEYARD BRANDS LLC,2016-12-25,13410,2016-12-07,2017-01-25,168,4198.32,23.09,
11567,CAMPARI AMERICA,2016-02-02,8483,2016-01-15,2016-02-25,5632,35547.48,159.96,
4692,KOBRAND CORPORATION,2016-05-20,10042,2016-05-02,2016-06-21,1803,20811.23,104.06,
2496,DUGGANS DISTILLED PRODUCTS,2016-09-27,11940,2016-09-04,2016-10-20,371,5739.15,28.12,
1189,BULLY BOY DISTILLERS,2016-07-04,10812,2016-06-24,2016-08-19,46,1021.78,5.11,
5270,MANGO BOTTLING INC,2016-11-01,12561,2016-10-11,2016-12-03,469,3332.73,15.0,
90058,ZORVINO VINEYARDS,2016-04-25,9737,2016-04-10,2016-06-06,130,1074.9,4.84,
7240,"PREMIUM PORT WINES, INC.",2016-10-03,12050,2016-09-11,2016-11-01,150,1156.62,6.13,
98450,Serralles Usa LLC,2016-03-08,9107,2016-02-26,2016-04-19,168,2456.5,12.04,
4950,LATITUDE BEVERAGE COMPANY,2016-03-28,9376,2016-03-17,2016-05-11,801,4444.76,22.67,
8673,STE MICHELLE WINE ESTATES,2016-04-12,9615,2016-04-01,2016-05-23,4645,32290.41,167.91,
6830,PARK STREET IMPORTS LLC,2016-11-20,12880,2016-11-01,2016-12-30,109,1724.44,8.28,
2876,CENTEUR IMPORTS LLC,2016-08-09,11343,2016-07-25,2016-09-09,6,48.3,0.25,
1003,BRONCO WINE COMPANY,2016-08-29,11523,2016-08-07,2016-09-22,84,373.56,1.94,
28750,SMOKY QUARTZ DISTILLERY LLC,2016-03-29,9381,2016-03-17,2016-05-15,36,775.08,4.26,
5455,MARSALLE COMPANY,2016-12-11,13210,2016-11-24,2017-01-17,257,6369.11,33.12,
9625,WESTERN SPIRITS BEVERAGE CO,2016-11-04,12684,2016-10-19,2016-12-02,1243,7084.77,38.26,
388,ATLANTIC IMPORTING COMPANY,2016-04-24,9640,2016-04-04,2016-05-22,18,383.76,2.03,
2450,DJINN SPIRITS LLC,2016-05-17,9932,2016-04-25,2016-06-12,42,824.64,4.12,
4466,AMERICAN VINTAGE BEVERAGE,2016-07-11,10969,2016-06-29,2016-08-18,94,993.12,5.06,
9815,WINE GROUP INC,2016-09-04,11728,2016-08-19,2016-10-15,15555,93623.34,449.39,
1128,BROWN-FORMAN CORP,2016-12-08,13137,2016-11-20,2017-01-21,20937,287164.72,1349.67,Frank Delahunt
9206,PHILLIPS PRODUCTS CO.,2016-07-21,11116,2016-07-08,2016-08-29,675,8423.52,44.64,
8150,SEA HAGG DISTILLERY LLC,2016-12-10,13183,2016-11-22,2017-01-20,652,7986.93,39.93,
1590,DIAGEO CHATEAU ESTATE WINES,2016-02-10,8692,2016-01-29,2016-03-11,1818,12076.88,54.35,
173357,TAMWORTH DISTILLING,2016-05-31,10217,2016-05-13,2016-06-27,1,19.37,0.09,
3089,SIDNEY FRANK IMPORTING CO,2016-06-16,10527,2016-06-03,2016-07-31,3414,29112.52,131.01,
516,BANFI PRODUCTS CORP,2016-02-20,8705,2016-01-31,2016-03-26,2519,17609.83,82.77,
90017,THE IMPORTED GRAPE LLC,2016-08-29,11603,2016-08-10,2016-09-28,234,1450.86,6.67,
9819,TREASURY WINE ESTATES,2016-11-22,12850,2016-10-30,2016-12-22,7034,40792.66,220.28,
9260,TY KU LLC,2016-07-31,11136,2016-07-10,2016-09-02,18,216.78,1.19,
90047,CRUSH WINES,2016-01-17,8221,2015-12-28,2016-02-17,260,2246.19,10.11,
7245,PROXIMO SPIRITS INC.,2016-11-08,12820,2016-10-28,2016-12-17,8900,101196.35,475.62,
9206,PHILLIPS PRODUCTS CO.,2016-06-04,10284,2016-05-18,2016-07-04,833,9025.93,40.62,
6830,PARK STREET IMPORTS LLC,2016-05-25,10161,2016-05-10,2016-07-03,18,398.34,1.99,
1485,CASTLE BRANDS CORP.,2016-07-24,11047,2016-07-04,2016-09-03,2077,32202.12,177.11,
8735,SURVILLE ENTERPRISES CORP,2016-08-30,11664,2016-08-15,2016-10-10,133,1036.6,5.39,
90032,LABELLE VYDS AND WINERY,2016-03-12,9022,2016-02-21,2016-04-09,162,1851.4,9.07,
388,ATLANTIC IMPORTING COMPANY,2016-03-30,9357,2016-03-16,2016-05-13,42,895.44,4.84,
1587,VINEYARD BRANDS INC,2016-06-27,10629,2016-06-10,2016-07-30,2357,17769.21,88.85,
90027,POVERTY LANE ORCHARDS,2016-12-06,13146,2016-11-20,2017-01-15,441,3509.49,16.85,
4692,KOBRAND CORPORATION,2016-03-21,9185,2016-03-03,2016-04-27,2960,27471.41,140.1,
28776,TALL SHIP DISTILLERY LLC,2016-06-28,10610,2016-06-09,2016-07-31,36,750.12,4.05,
4425,MARTIGNETTI COMPANIES,2016-07-01,10657,2016-06-13,2016-08-11,85,972.19,4.86,
2555,DISARONNO INTERNATIONAL LLC,2016-06-27,10701,2016-06-16,2016-07-30,1524,18520.2,83.34,
90053,INCREDIBREW INC,2016-02-05,8552,2016-01-20,2016-03-20,12,103.92,0.48,
28776,TALL SHIP DISTILLERY LLC,2016-03-07,9093,2016-02-25,2016-04-15,24,519.6,2.75,
6355,NICHE W & S,2016-10-30,12563,2016-10-11,2016-11-28,222,2521.68,13.62,
90024,VINILANDIA USA,2016-02-01,8588,2016-01-21,2016-03-09,607,5536.38,28.24,
6785,PALM BAY INTERNATIONAL INC,2016-11-24,13020,2016-11-11,2016-12-23,7815,54930.35,258.17,
9751,VINEDREA WINES LLC,2016-01-17,8266,2015-12-30,2016-02-20,12,272.64,1.47,
3664,WILLIAM GRANT & SONS INC,2016-12-31,13482,2016-12-12,2017-02-09,7456,183170.12,1007.44,
10754,PERFECTA WINES,2016-09-26,12069,2016-09-12,2016-10-29,9890,120430.63,541.94,
1601,VRANKEN AMERICA,2017-01-03,13573,2016-12-18,2017-02-18,430,7984.51,36.73,
8112,MOET HENNESSY USA INC,2016-11-22,12858,2016-10-31,2016-12-18,14904,368424.93,1657.91,Frank Delahunt
1265,BLACK ROCK SPIRITS LLC,2016-03-22,9229,2016-03-07,2016-04-28,1,14.05,0.07,
90052,HAUNTING WHISPER VYDS,2016-10-17,12456,2016-10-04,2016-11-19,12,94.08,0.46,
8150,SEA HAGG DISTILLERY LLC,2016-07-04,10674,2016-06-14,2016-08-11,295,3108.81,16.17,
17033,SEA BREEZE CELLARS LLC,2016-08-27,11600,2016-08-10,2016-10-03,331,5878.52,31.16,
90046,CANDIA VINEYARDS,2016-02-11,8620,2016-01-25,2016-03-10,144,1981.68,10.3,
8320,SHAW ROSS INT L IMP LTD,2016-10-15,12353,2016-09-27,2016-11-23,1150,9962.24,52.8,
2876,CENTEUR IMPORTS LLC,2016-12-24,13434,2016-12-09,2017-01-23,6,52.68,0.27,
2496,DUGGANS DISTILLED PRODUCTS,2017-01-09,13555,2016-12-18,2017-02-16,119,1699.91,7.65,
1655,FABRIZIA SPIRITS LLC,2016-09-06,11690,2016-08-17,2016-10-10,462,6339.12,29.16,
9751,VINEDREA WINES LLC,2016-05-02,9899,2016-04-21,2016-06-18,6,136.32,0.64,
8892,TRINCHERO FAMILY ESTATES,2016-02-08,8566,2016-01-20,2016-03-13,6435,40265.09,181.19,
3950,"HOOD RIVER DISTILLERS, Inc.",2016-07-25,11161,2016-07-12,2016-08-30,35,677.93,3.66,
6215,MOONLIGHT MEADERY,2016-08-02,11270,2016-07-19,2016-09-05,176,1559.5,8.27,
90011,FORTUNE WINE BROKERS LLC,2016-07-31,11210,2016-07-15,2016-09-08,45,400.41,2.2,
6785,PALM BAY INTERNATIONAL INC,2016-05-20,10106,2016-05-06,2016-07-03,11559,81036.5,429.49,
9165,ULTRA BEVERAGE COMPANY LLP,2016-02-02,8513,2016-01-17,2016-03-13,25423,337491.88,1552.46,Frank Delahunt
8352,LUXCO INC,2016-05-11,9961,2016-04-26,2016-06-21,4513,34497.68,169.04,
4466,AMERICAN VINTAGE BEVERAGE,2016-08-11,11362,2016-07-26,2016-09-24,206,2171.64,11.08,
3664,WILLIAM GRANT & SONS INC,2016-05-30,10200,2016-05-12,2016-07-04,5196,100321.87,531.71,
1003,BRONCO WINE COMPANY,2016-10-24,12555,2016-10-11,2016-12-02,17,62.96,0.31,
28750,SMOKY QUARTZ DISTILLERY LLC,2016-10-25,12587,2016-10-12,2016-12-09,107,2346.04,11.96,
90058,ZORVINO VINEYARDS,2016-08-16,11522,2016-08-05,2016-09-16,190,1535.82,6.91,
9165,ULTRA BEVERAGE COMPANY LLP,2016-01-19,8371,2016-01-06,2016-02-24,18575,205977.11,947.49,
6359,OLE SMOKY DISTILLERY LLC,2016-04-11,9425,2016-03-20,2016-05-09,1428,19999.61,100.0,
6785,PALM BAY INTERNATIONAL INC,2016-01-31,8478,2016-01-14,2016-02-27,3982,27284.42,147.34,
660,SAZERAC NORTH AMERICA INC.,2016-09-10,11814,2016-08-25,2016-10-16,12184,80058.89,432.32,
7153,PINE STATE TRADING CO,2016-08-06,11251,2016-07-18,2016-09-16,11235,72147.47,360.74,
99166,STARK BREWING COMPANY,2016-12-31,13531,2016-12-15,2017-02-07,71,1520.82,7.0,
8673,STE MICHELLE WINE ESTATES,2016-08-02,11150,2016-07-11,2016-08-26,7558,57104.57,314.08,
9819,TREASURY WINE ESTATES,2016-12-02,13049,2016-11-13,2017-01-01,7618,49397.53,237.11,
172662,SWEETWATER FARM,2016-10-01,12122,2016-09-15,2016-11-08,12,258.96,1.22,
1003,BRONCO WINE COMPANY,2016-02-23,8894,2016-02-12,2016-04-10,6,36.96,0.19,
4466,AMERICAN VINTAGE BEVERAGE,2016-02-09,8604,2016-01-24,2016-03-15,347,3261.37,17.61,
1590,DIAGEO CHATEAU ESTATE WINES,2016-11-26,12995,2016-11-10,2017-01-01,5139,36337.68,188.96,
480,BACARDI USA INC,2016-01-29,8433,2016-01-12,2016-03-10,16160,150950.37,815.13,
7153,PINE STATE TRADING CO,2016-11-08,12626,2016-10-16,2016-12-17,6205,42926.41,206.05,
6830,PARK STREET IMPORTS LLC,2016-06-30,10688,2016-06-15,2016-08-01,12,198.36,1.09,
90024,VINILANDIA USA,2016-09-12,11832,2016-08-26,2016-10-16,940,9741.26,46.76,
8320,SHAW ROSS INT L IMP LTD,2016-01-20,8367,2016-01-06,2016-02-21,1134,9112.05,47.38,
98450,Serralles Usa LLC,2016-08-31,11697,2016-08-17,2016-09-30,460,10938.86,57.98,
1650,Circa Wines,2016-09-15,11836,2016-08-28,2016-10-28,24,201.12,1.01,
660,SAZERAC NORTH AMERICA INC.,2016-07-08,10894,2016-06-25,2016-08-12,2536,18146.78,87.1,
8735,SURVILLE ENTERPRISES CORP,2016-05-25,10123,2016-05-08,2016-06-26,139,1172.44,5.39,
7154,PREMIER DISTRIBUTORS,2016-04-19,9648,2016-04-04,2016-06-05,32,527.68,2.43,
60,ADAMBA IMPORTS INTL INC,2016-07-09,10776,2016-06-22,2016-08-15,74,1203.98,5.9,
9815,WINE GROUP INC,2016-11-14,12738,2016-10-23,2016-12-17,17139,102612.9,564.37,
10754,PERFECTA WINES,2016-06-29,10708,2016-06-16,2016-08-07,6832,81312.2,447.22,
7240,"PREMIUM PORT WINES, INC.",2016-11-15,12781,2016-10-26,2016-12-08,129,929.85,4.65,
4425,MARTIGNETTI COMPANIES,2016-09-14,11928,2016-09-02,2016-10-24,54131,578318.15,2949.42,Frank Delahunt
4848,LAIRD & CO,2016-02-16,8747,2016-02-02,2016-04-03,182,976.6,5.27,
3960,DIAGEO NORTH AMERICA INC,2016-10-24,12470,2016-10-05,2016-11-24,110018,1018011.41,4581.05,Frank Delahunt
6213,MHW LTD,2016-12-26,13454,2016-12-11,2017-01-27,4957,47907.22,249.12,
2242,DELICATO VINEYARDS INC,2016-12-02,13055,2016-11-14,2017-01-12,3684,32539.92,159.45,
5612,MILTONS DISTRIBUTING CO,2016-09-10,11735,2016-08-21,2016-10-12,12,69.6,0.32,
98450,Serralles Usa LLC,2016-06-28,10729,2016-06-17,2016-08-13,250,3721.35,18.61,
90010,VINEXTRA INC,2016-09-08,11806,2016-08-24,2016-10-21,116,1284.01,6.42,
90010,VINEXTRA INC,2016-12-30,13551,2016-12-16,2017-01-26,223,2207.29,11.26,
2555,DISARONNO INTERNATIONAL LLC,2016-04-13,9548,2016-03-29,2016-05-17,1220,13573.06,66.51,
90046,CANDIA VINEYARDS,2016-12-14,13276,2016-11-29,2017-01-16,36,469.44,2.16,
4950,LATITUDE BEVERAGE COMPANY,2016-03-08,8953,2016-02-16,2016-04-01,2729,14874.03,75.86,
4380,CHARLES JACQUIN ET CIE INC,2016-11-07,12676,2016-10-19,2016-12-15,1468,8686.28,42.56,
1655,FABRIZIA SPIRITS LLC,2016-06-18,10482,2016-06-01,2016-07-21,508,5740.73,31.0,
1128,BROWN-FORMAN CORP,2016-10-13,12311,2016-09-25,2016-11-22,21757,286441.4,1288.99,Frank Delahunt
17032,JEWELL TOWNE VINEYARDS,2016-07-04,10684,2016-06-15,2016-07-30,80,626.81,3.2,
28750,SMOKY QUARTZ DISTILLERY LLC,2016-05-17,10061,2016-05-03,2016-06-27,12,258.36,1.24,
10000,MAJESTIC FINE WINES,2016-04-23,9710,2016-04-08,2016-05-21,6074,46757.49,243.14,
90058,ZORVINO VINEYARDS,2016-11-11,12764,2016-10-25,2016-12-18,163,1290.09,6.84,
2876,CENTEUR IMPORTS LLC,2016-07-01,10697,2016-06-16,2016-08-14,24,206.04,0.93,
90024,VINILANDIA USA,2016-08-29,11714,2016-08-18,2016-10-09,1097,9380.02,45.02,
4466,AMERICAN VINTAGE BEVERAGE,2016-10-01,12125,2016-09-16,2016-11-07,284,2813.46,15.47,
7153,PINE STATE TRADING CO,2016-03-31,9403,2016-03-18,2016-05-04,4729,31813.61,146.34,
10000,MAJESTIC FINE WINES,2016-01-18,8346,2016-01-05,2016-02-18,1690,13633.72,66.81,
5455,MARSALLE COMPANY,2016-10-26,12544,2016-10-10,2016-12-07,96,2094.25,11.1,
8673,STE MICHELLE WINE ESTATES,2016-11-26,12940,2016-11-06,2016-12-22,9792,72574.64,370.13,
7240,"PREMIUM PORT WINES, INC.",2016-09-12,11761,2016-08-22,2016-10-19,132,991.56,5.35,
1650,Circa Wines,2017-01-04,13607,2016-12-21,2017-02-08,84,894.72,4.56,
660,SAZERAC NORTH AMERICA INC.,2016-03-24,9223,2016-03-06,2016-05-01,6792,49123.1,270.18,
1590,DIAGEO CHATEAU ESTATE WINES,2016-01-12,8109,2015-12-20,2016-02-11,2246,14298.09,408.72,
2555,DISARONNO INTERNATIONAL LLC,2016-08-31,11688,2016-08-17,2016-10-11,1083,12719.48,68.69,
99166,STARK BREWING COMPANY,2016-10-04,12138,2016-09-16,2016-11-09,60,1285.2,6.94,
8735,SURVILLE ENTERPRISES CORP,2016-12-08,13152,2016-11-20,2017-01-20,137,1191.89,6.08,
90027,POVERTY LANE ORCHARDS,2016-02-07,8559,2016-01-20,2016-03-03,177,1330.65,6.52,
99166,STARK BREWING COMPANY,2016-12-10,13230,2016-11-25,2017-01-16,149,3191.58,15.96,
4950,LATITUDE BEVERAGE COMPANY,2016-01-07,8179,2015-12-24,2016-02-06,153,879.42,19.68,
7749,R.P.IMPORTS INC,2016-12-20,13344,2016-12-04,2017-01-20,3,23.82,0.13,
8673,STE MICHELLE WINE ESTATES,2016-07-08,10827,2016-06-24,2016-08-08,9340,61991.23,334.75,
4550,KLIN SPIRITS LLC,2016-06-06,10263,2016-05-17,2016-07-13,127,1786.89,9.83,
8735,SURVILLE ENTERPRISES CORP,2016-06-29,10689,2016-06-15,2016-08-14,53,472.95,2.13,
516,BANFI PRODUCTS CORP,2016-10-06,12181,2016-09-20,2016-11-10,8876,55042.16,253.19,
3252,E & J GALLO WINERY,2016-10-23,12455,2016-10-04,2016-11-23,31580,209252.03,1150.89,
10050,Russian Standard Vodka,2016-05-10,10015,2016-04-29,2016-06-23,218,1675.51,9.22,
17033,SEA BREEZE CELLARS LLC,2016-04-20,9701,2016-04-07,2016-06-03,66,922.8,4.98,
90010,VINEXTRA INC,2016-10-14,12394,2016-09-29,2016-11-16,207,2498.96,12.99,
6280,UNCORKED,2017-01-02,13514,2016-12-14,2017-02-03,5,43.3,0.23,
1265,BLACK ROCK SPIRITS LLC,2016-05-01,9785,2016-04-14,2016-05-31,15,210.75,0.97,
5455,MARSALLE COMPANY,2016-03-14,9121,2016-02-28,2016-04-24,179,4476.4,24.62,
90047,CRUSH WINES,2016-12-31,13486,2016-12-13,2017-02-02,507,4489.63,22.0,
480,BACARDI USA INC,2016-08-11,11341,2016-07-25,2016-09-15,25877,345721.85,1590.32,Frank Delahunt
3664,WILLIAM GRANT & SONS INC,2016-12-12,13219,2016-11-24,2017-01-06,5955,118197.86,543.71,
90058,ZORVINO VINEYARDS,2016-01-09,8206,2015-12-25,2016-02-12,23,186.93,21.04,
1655,FABRIZIA SPIRITS LLC,2016-12-26,13419,2016-12-08,2017-01-23,897,11398.67,59.27,
90047,CRUSH WINES,2016-08-25,11622,2016-08-12,2016-09-28,1875,19818.0,109.0,
1273,CALEDONIA SPIRITS INC,2016-10-17,12435,2016-10-03,2016-12-03,576,20334.21,109.8,
3924,HEAVEN HILL DISTILLERIES,2016-09-04,11718,2016-08-19,2016-10-11,8026,69502.92,319.71,
8320,SHAW ROSS INT L IMP LTD,2016-02-27,8835,2016-02-08,2016-03-31,1193,9696.74,45.57,
3924,HEAVEN HILL DISTILLERIES,2016-05-29,10176,2016-05-11,2016-07-08,6301,57451.92,264.28,
8320,SHAW ROSS INT L IMP LTD,2016-10-09,12292,2016-09-23,2016-11-07,82,1221.96,6.23,
28776,TALL SHIP DISTILLERY LLC,2016-04-14,9577,2016-03-30,2016-05-22,6,122.58,0.55,
6785,PALM BAY INTERNATIONAL INC,2016-01-15,8225,2015-12-28,2016-02-20,5275,36300.57,170.61,
2450,DJINN SPIRITS LLC,2016-12-27,13392,2016-12-07,2017-02-02,52,1031.2,5.57,
90017,THE IMPORTED GRAPE LLC,2016-06-26,10597,2016-06-08,2016-07-29,24,276.36,1.3,
9815,WINE GROUP INC,2016-02-23,8876,2016-02-10,2016-04-05,12723,78956.49,394.78,
8004,SAZERAC CO INC,2016-03-03,8937,2016-02-15,2016-04-05,22178,160485.86,722.19,
8004,SAZERAC CO INC,2016-08-13,11390,2016-07-27,2016-09-09,27047,206596.0,991.66,
105,ALTAMAR BRANDS LLC,2016-06-29,10632,2016-06-12,2016-08-12,12,428.52,2.31,
12331,STELLAR IMPORTING CO LLC,2017-01-06,13656,2016-12-23,2017-02-05,83,626.72,3.01,
90046,CANDIA VINEYARDS,2016-08-19,11429,2016-07-31,2016-09-22,24,239.04,1.1,
90058,ZORVINO VINEYARDS,2016-02-06,8603,2016-01-22,2016-03-13,122,1032.4,5.06,
17037,Dunn Wine Brokers,2016-10-21,12454,2016-10-04,2016-12-01,75,977.52,4.89,
8892,TRINCHERO FAMILY ESTATES,2016-12-25,13443,2016-12-09,2017-02-03,7447,49281.22,256.26,
4425,MARTIGNETTI COMPANIES,2016-11-15,12841,2016-10-30,2017-01-01,49724,508389.08,2592.78,Frank Delahunt
8112,MOET HENNESSY USA INC,2016-03-16,9171,2016-03-02,2016-04-20,4186,78589.73,353.65,
7245,PROXIMO SPIRITS INC.,2016-05-24,10071,2016-05-04,2016-06-20,14246,160224.42,881.23,
90027,POVERTY LANE ORCHARDS,2016-10-11,12385,2016-09-29,2016-11-13,116,927.56,4.73,
388,ATLANTIC IMPORTING COMPANY,2016-03-26,9228,2016-03-07,2016-04-23,84,2422.0,11.38,
2561,EDRINGTON AMERICAS,2016-05-30,10242,2016-05-16,2016-07-15,718,21925.38,107.43,
5270,MANGO BOTTLING INC,2016-09-05,11757,2016-08-22,2016-10-12,614,4316.34,21.58,
8352,LUXCO INC,2016-06-24,10539,2016-06-05,2016-07-24,4107,35383.05,183.99,
2000,SOUTHERN WINE & SPIRITS NE,2016-10-11,12334,2016-09-26,2016-11-22,5280,48095.86,221.24,
7154,PREMIER DISTRIBUTORS,2016-12-14,13314,2016-12-01,2017-01-29,140,1764.1,8.82,
8892,TRINCHERO FAMILY ESTATES,2016-05-12,10018,2016-04-29,2016-06-13,6506,39191.33,207.71,
105,ALTAMAR BRANDS LLC,2016-04-09,9449,2016-03-22,2016-05-12,6,214.26,1.07,
10754,PERFECTA WINES,2016-02-22,8851,2016-02-09,2016-03-28,6201,60511.39,278.35,
7240,"PREMIUM PORT WINES, INC.",2016-05-23,10088,2016-05-05,2016-06-29,139,997.04,4.99,
1590,DIAGEO CHATEAU ESTATE WINES,2016-05-02,9875,2016-04-20,2016-06-15,1541,10430.23,55.28,
11567,CAMPARI AMERICA,2016-01-19,8269,2015-12-31,2016-02-19,8662,62473.56,324.86,
2496,DUGGANS DISTILLED PRODUCTS,2016-08-30,11590,2016-08-10,2016-09-23,748,9588.92,47.94,
388,ATLANTIC IMPORTING COMPANY,2016-11-07,12686,2016-10-20,2016-12-14,71,1513.72,7.27,
7240,"PREMIUM PORT WINES, INC.",2016-11-21,13007,2016-11-10,2017-01-02,144,1077.66,5.28,
2496,DUGGANS DISTILLED PRODUCTS,2016-10-09,12266,2016-09-23,2016-11-17,6,104.7,0.51,
12546,JIM BEAM BRANDS COMPANY,2016-12-14,13297,2016-11-30,2017-01-27,54178,473139.86,2365.7,Frank Delahunt
10050,Russian Standard Vodka,2016-09-06,11785,2016-08-23,2016-10-09,721,12055.94,63.9,
1655,FABRIZIA SPIRITS LLC,2016-10-16,12347,2016-09-27,2016-11-17,260,3779.78,17.76,
105,ALTAMAR BRANDS LLC,2016-03-14,9131,2016-02-29,2016-04-17,3,107.13,0.57,
1601,VRANKEN AMERICA,2016-07-13,10934,2016-06-26,2016-08-13,225,2852.27,13.98,
90037,THE PIERPONT GROUP LLC,2016-09-26,11950,2016-09-04,2016-11-05,12,81.6,0.42,
480,BACARDI USA INC,2016-03-06,8914,2016-02-14,2016-04-04,13341,148069.14,695.92,
173357,TAMWORTH DISTILLING,2017-01-02,13533,2016-12-15,2017-02-03,74,1589.53,8.58,
3960,DIAGEO NORTH AMERICA INC,2016-01-14,8271,2015-12-31,2016-02-11,100183,954454.16,4581.38,Frank Delahunt
90011,FORTUNE WINE BROKERS LLC,2016-12-10,13191,2016-11-23,2017-01-07,100,1027.74,5.14,
90046,CANDIA VINEYARDS,2016-05-03,9748,2016-04-12,2016-06-02,12,120.72,0.54,
12546,JIM BEAM BRANDS COMPANY,2016-12-29,13489,2016-12-13,2017-02-02,62547,564285.07,2652.14,Frank Delahunt
8112,MOET HENNESSY USA INC,2016-03-31,9377,2016-03-17,2016-05-12,3430,70566.24,331.66,
4425,MARTIGNETTI COMPANIES,2016-06-26,10573,2016-06-07,2016-07-28,50935,522338.7,2663.93,Frank Delahunt
4466,AMERICAN VINTAGE BEVERAGE,2016-06-04,10257,2016-05-17,2016-07-08,376,3708.18,20.39,
2450,DJINN SPIRITS LLC,2016-05-02,9821,2016-04-17,2016-06-12,24,399.84,2.16,
653,STATE WINE & SPIRITS,2016-12-20,13382,2016-12-06,2017-01-27,2306,23403.72,114.68,
9744,FREDERICK WILDMAN & SONS,2016-05-09,9935,2016-04-25,2016-06-14,1778,18405.95,92.03,
2450,DJINN SPIRITS LLC,2016-05-31,10227,2016-05-15,2016-07-01,108,2239.92,11.2,
11567,CAMPARI AMERICA,2016-04-13,9522,2016-03-27,2016-05-20,6964,51666.78,232.5,
3960,DIAGEO NORTH AMERICA INC,2016-05-31,10126,2016-05-09,2016-07-04,86153,771864.94,3473.39,Frank Delahunt
1601,VRANKEN AMERICA,2016-12-14,13335,2016-12-02,2017-01-27,95,1828.88,10.06,
10754,PERFECTA WINES,2016-08-18,11451,2016-08-01,2016-09-19,13848,138828.0,763.55,
4950,LATITUDE BEVERAGE COMPANY,2016-05-30,10281,2016-05-18,2016-07-08,4407,25577.52,135.56,
90052,HAUNTING WHISPER VYDS,2016-05-06,9853,2016-04-19,2016-06-13,36,292.56,1.61,
8112,MOET HENNESSY USA INC,2016-05-27,10210,2016-05-13,2016-07-03,5573,122298.18,599.26,
1587,VINEYARD BRANDS LLC,2017-01-03,13552,2016-12-16,2017-01-31,11,256.63,1.26,
2450,DJINN SPIRITS LLC,2016-09-06,11671,2016-08-16,2016-09-29,641,10475.3,50.28,
90010,VINEXTRA INC,2016-09-18,11856,2016-08-29,2016-10-15,255,4461.58,21.42,
4550,KLIN SPIRITS LLC,2016-08-29,11593,2016-08-10,2016-09-30,223,3349.15,17.42,
2496,DUGGANS DISTILLED PRODUCTS,2016-10-17,12472,2016-10-05,2016-11-24,243,3507.2,16.13,
17031,FLAG HILL WINERY & VINEYARD,2016-01-28,8470,2016-01-14,2016-03-11,243,4201.92,23.11,
2242,DELICATO VINEYARDS INC,2017-01-10,13554,2016-12-18,2017-02-03,5210,45684.82,237.56,
9165,ULTRA BEVERAGE COMPANY LLP,2016-11-13,12750,2016-10-24,2016-12-21,19377,241457.27,1231.43,
7245,PROXIMO SPIRITS INC.,2016-04-26,9726,2016-04-10,2016-05-30,11584,123624.17,605.76,
388,ATLANTIC IMPORTING COMPANY,2016-03-22,9112,2016-02-28,2016-04-23,36,812.6,4.31,
388,ATLANTIC IMPORTING COMPANY,2016-10-09,12180,2016-09-20,2016-11-10,12,526.32,2.74,
17037,Dunn Wine Brokers,2016-06-23,10568,2016-06-07,2016-08-07,70,1041.6,4.79,
90047,CRUSH WINES,2016-03-07,9066,2016-02-24,2016-04-07,223,2418.93,11.61,
28776,TALL SHIP DISTILLERY LLC,2016-08-21,11518,2016-08-05,2016-09-30,36,779.4,3.51,
8920,TAKARA SAKE USA INC,2016-07-25,11042,2016-07-03,2016-08-20,88,397.56,2.15,
9819,TREASURY WINE ESTATES,2016-09-27,11987,2016-09-06,2016-11-06,6630,44443.01,235.55,
6213,MHW LTD,2016-01-19,8384,2016-01-07,2016-02-25,2459,28780.68,143.9,
9744,FREDERICK WILDMAN & SONS,2016-09-19,11974,2016-09-06,2016-10-20,627,7224.52,33.96,
12546,JIM BEAM BRANDS COMPANY,2016-06-26,10603,2016-06-09,2016-08-03,45402,419439.65,2306.92,Frank Delahunt
10050,Russian Standard Vodka,2016-08-30,11645,2016-08-14,2016-10-07,260,4074.28,19.15,
1650,Circa Wines,2016-03-01,8964,2016-02-17,2016-04-08,23,171.35,0.84,
4550,KLIN SPIRITS LLC,2016-04-19,9606,2016-04-01,2016-05-13,76,1069.32,5.56,
90032,LABELLE VYDS AND WINERY,2016-04-21,9697,2016-04-07,2016-05-21,180,1899.0,8.55,
9744,FREDERICK WILDMAN & SONS,2016-08-30,11658,2016-08-15,2016-10-11,944,8894.73,41.81,
6830,PARK STREET IMPORTS LLC,2016-07-13,10928,2016-06-26,2016-08-11,57,706.8,3.18,
7154,PREMIER DISTRIBUTORS,2016-09-26,12033,2016-09-09,2016-10-26,103,1348.63,7.01,
8320,SHAW ROSS INT L IMP LTD,2016-08-15,11336,2016-07-24,2016-09-19,1996,18659.38,98.89,
5992,MCCORMICK DISTILLING CO,2016-01-10,8130,2015-12-21,2016-02-05,90,892.9,42.4,
4692,KOBRAND CORPORATION,2016-04-16,9569,2016-03-30,2016-05-23,5825,48086.42,264.48,
6785,PALM BAY INTERNATIONAL INC,2016-02-25,8833,2016-02-08,2016-04-04,5099,35717.39,175.02,
4466,AMERICAN VINTAGE BEVERAGE,2016-12-06,13134,2016-11-20,2017-01-18,305,3018.89,15.7,
6785,PALM BAY INTERNATIONAL INC,2016-02-09,8582,2016-01-21,2016-03-18,4824,32656.36,173.08,
11567,CAMPARI AMERICA,2016-08-16,11428,2016-07-31,2016-10-02,9206,78463.6,384.47,
6785,PALM BAY INTERNATIONAL INC,2016-07-15,11014,2016-07-01,2016-08-21,6980,49256.66,241.36,
4380,CHARLES JACQUIN ET CIE INC,2016-04-19,9622,2016-04-03,2016-05-25,482,5186.37,25.41,
8004,SAZERAC CO INC,2016-12-18,13287,2016-11-29,2017-01-27,34145,206046.28,1030.23,
1655,FABRIZIA SPIRITS LLC,2016-03-17,9201,2016-03-04,2016-04-30,148,1435.58,7.18,
2450,DJINN SPIRITS LLC,2016-12-12,13174,2016-11-22,2017-01-14,47,837.14,4.02,
3950,"HOOD RIVER DISTILLERS, Inc.",2016-05-03,9906,2016-04-22,2016-06-09,6,129.48,0.6,
9625,WESTERN SPIRITS BEVERAGE CO,2016-05-29,10148,2016-05-09,2016-07-08,247,4021.75,18.5,
90027,POVERTY LANE ORCHARDS,2016-01-12,8280,2015-12-31,2016-02-21,917,6068.27,27.31,
4466,AMERICAN VINTAGE BEVERAGE,2016-02-17,8793,2016-02-05,2016-04-02,72,675.36,3.17,
8673,STE MICHELLE WINE ESTATES,2016-12-20,13317,2016-12-01,2017-01-16,7122,54146.74,259.9,
6359,OLE SMOKY DISTILLERY LLC,2016-02-09,8581,2016-01-21,2016-03-18,153,2196.54,11.42,
1485,CASTLE BRANDS CORP.,2016-10-06,12217,2016-09-22,2016-11-15,5530,99141.47,456.05,
2876,CENTEUR IMPORTS LLC,2016-01-08,8125,2015-12-21,2016-02-07,12,105.36,0.5,
480,BACARDI USA INC,2016-01-19,8288,2016-01-01,2016-02-18,32463,396606.13,1864.05,Frank Delahunt
3551,GILMANTON WINERY & VINEYARD,2016-11-25,12933,2016-11-06,2016-12-26,12,126.24,0.58,
1601,VRANKEN AMERICA,2016-01-16,8306,2016-01-01,2016-02-15,261,5288.94,29.09,
1128,BROWN-FORMAN CORP,2017-01-03,13577,2016-12-19,2017-02-13,33025,389511.96,2025.46,Frank Delahunt
6830,PARK STREET IMPORTS LLC,2016-02-18,8804,2016-02-05,2016-03-23,12,86.16,0.44,
90017,THE IMPORTED GRAPE LLC,2016-04-23,9689,2016-04-06,2016-05-19,84,503.88,2.32,
8663,STAR INDUSTRIES INC.,2016-03-13,9079,2016-02-24,2016-04-19,5,82.05,0.38,
7255,PSP WINES,2016-03-19,9122,2016-02-28,2016-04-19,176,1247.24,5.86,
4550,KLIN SPIRITS LLC,2016-06-21,10518,2016-06-03,2016-07-26,161,2265.27,11.1,
9206,PHILLIPS PRODUCTS CO.,2016-10-04,12084,2016-09-13,2016-11-11,672,7744.78,41.82,
2496,DUGGANS DISTILLED PRODUCTS,2016-08-15,11477,2016-08-03,2016-09-23,211,3196.85,15.03,
60,ADAMBA IMPORTS INTL INC,2016-08-21,11426,2016-07-31,2016-09-30,142,2310.34,11.55,
90058,ZORVINO VINEYARDS,2016-04-03,9356,2016-03-15,2016-05-03,141,1122.39,5.61,
17035,PERNOD RICARD USA,2016-12-27,13527,2016-12-15,2017-01-31,43300,593991.02,2969.96,Frank Delahunt
12546,JIM BEAM BRANDS COMPANY,2016-04-17,9605,2016-04-01,2016-05-20,42827,381919.3,1718.64,Frank Delahunt
4380,CHARLES JACQUIN ET CIE INC,2016-04-25,9765,2016-04-13,2016-06-11,645,6861.53,34.31,
28776,TALL SHIP DISTILLERY LLC,2016-11-28,12963,2016-11-07,2016-12-23,70,1499.74,7.2,
7255,PSP WINES,2016-12-20,13329,2016-12-02,2017-01-18,201,1273.07,5.73,
90032,LABELLE VYDS AND WINERY,2016-09-26,11961,2016-09-05,2016-11-04,181,2066.84,11.16,
10050,Russian Standard Vodka,2016-02-22,8731,2016-02-01,2016-03-27,2151,4725.24,23.15,
4425,MARTIGNETTI COMPANIES,2016-02-02,8540,2016-01-19,2016-03-16,183,1959.48,9.21,
5270,MANGO BOTTLING INC,2016-07-31,11212,2016-07-15,2016-09-09,304,2340.61,12.64,
1703,ALISA CARR BEVERAGES,2016-08-25,11621,2016-08-12,2016-10-02,34,3869.94,18.58,
8112,MOET HENNESSY USA INC,2016-12-12,13282,2016-11-29,2017-01-26,8872,172900.93,899.08,
1392,CONSTELLATION BRANDS INC,2016-07-17,10986,2016-06-30,2016-08-27,64024,454689.36,2455.32,Frank Delahunt
9625,WESTERN SPIRITS BEVERAGE CO,2017-01-10,13661,2016-12-23,2017-02-18,4617,37300.48,186.5,
8352,LUXCO INC,2016-10-30,12560,2016-10-11,2016-12-03,6138,43020.14,193.59,
17033,SEA BREEZE CELLARS LLC,2016-08-12,11357,2016-07-25,2016-09-17,114,1174.78,5.29,
1128,BROWN-FORMAN CORP,2016-03-25,9215,2016-03-06,2016-04-24,13010,164097.83,804.08,
8673,STE MICHELLE WINE ESTATES,2016-01-22,8320,2016-01-03,2016-02-20,2697,20329.38,93.52,
8150,SEA HAGG DISTILLERY LLC,2016-01-11,8182,2015-12-24,2016-02-05,5,111.05,3.39,
9815,WINE GROUP INC,2016-02-29,8943,2016-02-15,2016-04-09,16576,97326.86,457.44,
17031,FLAG HILL WINERY & VINEYARD,2016-06-03,10262,2016-05-17,2016-07-06,642,7142.83,35.71,
8320,SHAW ROSS INT L IMP LTD,2016-11-27,13010,2016-11-10,2016-12-23,1287,11223.64,58.36,
8112,MOET HENNESSY USA INC,2016-06-27,10590,2016-06-08,2016-08-02,5965,130666.33,666.4,
2561,EDRINGTON AMERICAS,2016-04-07,9495,2016-03-24,2016-05-13,989,28488.09,131.05,
6213,MHW LTD,2016-06-24,10604,2016-06-09,2016-07-22,2682,34966.9,178.33,
90051,FULCHINO VINEYARD INC,2016-05-28,10175,2016-05-11,2016-06-23,12,131.61,0.62,
516,BANFI PRODUCTS CORP,2016-06-06,10326,2016-05-22,2016-07-19,4053,27953.23,145.36,
173357,TAMWORTH DISTILLING,2016-10-24,12427,2016-10-02,2016-12-01,24,464.88,2.28,
1650,Circa Wines,2016-05-02,9721,2016-04-10,2016-06-10,137,1647.98,7.75,
90051,FULCHINO VINEYARD INC,2016-02-29,8847,2016-02-09,2016-04-02,12,120.72,0.57,
480,BACARDI USA INC,2016-03-01,8877,2016-02-11,2016-04-08,15297,172888.12,778.0,
3664,WILLIAM GRANT & SONS INC,2016-11-28,12976,2016-11-08,2016-12-23,5348,108579.09,488.61,
173357,TAMWORTH DISTILLING,2016-12-13,13318,2016-12-01,2017-01-25,11,273.44,1.39,
90058,ZORVINO VINEYARDS,2016-04-18,9671,2016-04-05,2016-05-31,143,1253.37,5.77,
516,BANFI PRODUCTS CORP,2016-02-01,8402,2016-01-10,2016-03-09,4252,30048.37,162.26,
1590,DIAGEO CHATEAU ESTATE WINES,2016-06-08,10349,2016-05-23,2016-07-17,3626,27435.26,123.46,
2396,BLACK PRINCE DISTILLERY INC,2016-11-25,12978,2016-11-09,2016-12-24,12,52.08,0.27,
10050,Russian Standard Vodka,2016-12-18,13300,2016-11-30,2017-01-18,168,2451.36,11.28,
90047,CRUSH WINES,2016-07-15,10922,2016-06-26,2016-08-17,442,3770.11,18.85,
9625,WESTERN SPIRITS BEVERAGE CO,2016-03-28,9387,2016-03-17,2016-05-13,162,2861.6,14.59,
7153,PINE STATE TRADING CO,2016-04-29,9791,2016-04-14,2016-06-10,7837,62251.82,305.03,
2561,EDRINGTON AMERICAS,2016-03-24,9248,2016-03-08,2016-04-25,930,27042.94,129.81,
653,STATE WINE & SPIRITS,2016-02-13,8629,2016-01-25,2016-03-17,3035,28290.47,127.31,
90057,WALPOLE MTN VIEW WINERY,2016-09-10,11790,2016-08-23,2016-10-23,48,557.52,3.07,
9552,M S WALKER INC,2016-04-22,9698,2016-04-07,2016-05-25,18040,139523.38,753.43,
8664,"STOLI GROUP,(USA) LLC",2016-09-05,11803,2016-08-24,2016-10-07,6399,82566.8,388.06,
2000,SOUTHERN GLAZERS W&S OF NE,2016-11-01,12531,2016-10-09,2016-11-28,236,1444.32,7.65,
480,BACARDI USA INC,2016-12-26,13350,2016-12-05,2017-01-20,30183,325820.26,1694.27,Frank Delahunt
7240,"PREMIUM PORT WINES, INC.",2016-08-30,11629,2016-08-12,2016-09-30,220,1654.31,9.1,
7749,R.P.IMPORTS INC,2016-09-12,11875,2016-08-30,2016-10-18,11,593.89,3.21,
5992,MCCORMICK DISTILLING CO,2016-10-11,12154,2016-09-18,2016-11-19,1480,16373.37,86.78,
173357,TAMWORTH DISTILLING,2016-11-23,12964,2016-11-07,2017-01-03,92,1737.7,7.82,
9552,M S WALKER INC,2016-04-26,9806,2016-04-15,2016-05-31,18525,141764.71,652.12,
17037,Dunn Wine Brokers,2016-01-19,8380,2016-01-07,2016-03-05,51,702.18,3.79,
6215,MOONLIGHT MEADERY,2016-01-09,8161,2015-12-23,2016-02-10,35,322.04,9.02,
1128,BROWN-FORMAN CORP,2016-03-07,9017,2016-02-21,2016-04-21,15019,195521.15,1036.26,
90052,HAUNTING WHISPER VYDS,2016-07-05,10740,2016-06-19,2016-08-12,14,111.05,0.61,
4950,LATITUDE BEVERAGE COMPANY,2016-07-10,10768,2016-06-21,2016-08-09,857,5015.53,26.08,
1601,VRANKEN AMERICA,2016-10-31,12700,2016-10-20,2016-12-05,1066,19972.18,89.87,
90052,HAUNTING WHISPER VYDS,2016-08-16,11448,2016-08-01,2016-09-21,12,94.08,0.44,
7239,REMY COINTREAU USA INC,2016-10-04,12137,2016-09-16,2016-11-12,1821,42149.18,189.67,
90053,INCREDIBREW INC,2016-03-25,9251,2016-03-08,2016-04-30,35,303.82,1.52,
4380,CHARLES JACQUIN ET CIE INC,2016-09-24,11995,2016-09-07,2016-10-26,569,4408.4,21.6,
9260,TY KU LLC,2016-04-17,9596,2016-03-31,2016-05-16,18,216.78,1.06,
1587,VINEYARD BRANDS INC,2017-01-03,13625,2016-12-21,2017-02-11,3015,24370.78,109.67,
12331,STELLAR IMPORTING CO LLC,2016-11-05,12646,2016-10-17,2016-12-14,48,399.84,2.08,
2496,DUGGANS DISTILLED PRODUCTS,2016-06-13,10416,2016-05-27,2016-07-09,159,2602.95,11.97,
90010,VINEXTRA INC,2016-03-19,9212,2016-03-04,2016-04-30,70,891.84,4.01,
5270,MANGO BOTTLING INC,2016-07-13,10941,2016-06-27,2016-08-24,1645,11780.05,64.79,
28776,TALL SHIP DISTILLERY LLC,2016-05-10,9829,2016-04-17,2016-06-05,24,502.2,2.66,
3089,SIDNEY FRANK IMPORTING CO,2016-11-15,12848,2016-10-30,2017-01-01,3901,42389.96,203.47,
5270,MANGO BOTTLING INC,2016-11-06,12664,2016-10-18,2016-12-18,507,3696.6,17.37,
7153,PINE STATE TRADING CO,2016-12-15,13327,2016-12-02,2017-01-16,6713,52709.69,284.63,
4848,LAIRD & CO,2016-11-08,12818,2016-10-28,2016-12-23,260,2028.65,9.94,
2000,SOUTHERN WINE & SPIRITS NE,2016-01-31,8450,2016-01-12,2016-03-08,6006,52102.03,265.72,
90024,VINILANDIA USA,2016-10-24,12430,2016-10-02,2016-11-22,914,8661.44,45.04,
2561,EDRINGTON AMERICAS,2016-04-12,9549,2016-03-29,2016-05-17,182,4739.64,25.59,
90046,CANDIA VINEYARDS,2016-03-10,9063,2016-02-24,2016-04-20,24,345.84,1.69,
6785,PALM BAY INTERNATIONAL INC,2016-04-15,9541,2016-03-28,2016-05-25,4553,33016.61,171.69,
8920,TAKARA SAKE USA INC,2016-11-11,12808,2016-10-27,2016-12-09,179,950.49,5.13,
28776,TALL SHIP DISTILLERY LLC,2016-05-22,10077,2016-05-04,2016-06-22,24,515.64,2.42,
90058,ZORVINO VINEYARDS,2016-08-14,11409,2016-07-28,2016-09-24,58,473.82,2.56,
1128,BROWN-FORMAN CORP,2016-06-11,10378,2016-05-25,2016-07-23,20745,297968.12,1430.25,Frank Delahunt
5455,MARSALLE COMPANY,2016-07-05,10874,2016-06-25,2016-08-12,12,333.6,1.73,
3924,HEAVEN HILL DISTILLERIES,2016-02-06,8525,2016-01-18,2016-03-12,3828,35863.26,175.73,
2000,SOUTHERN WINE & SPIRITS NE,2016-04-05,9441,2016-03-21,2016-05-07,6389,60254.34,331.4,
388,ATLANTIC IMPORTING COMPANY,2016-08-31,11667,2016-08-16,2016-10-08,11,234.52,1.29,
6355,NICHE W & S,2016-05-04,9892,2016-04-21,2016-06-06,53,786.94,4.33,
4848,LAIRD & CO,2016-07-11,10868,2016-06-25,2016-08-06,28,161.82,0.73,
3960,DIAGEO NORTH AMERICA INC,2016-09-21,11996,2016-09-07,2016-10-25,90424,735029.79,3528.14,Frank Delahunt
5992,MCCORMICK DISTILLING CO,2016-04-04,9423,2016-03-20,2016-05-18,295,2924.96,16.09,
9622,WEIN BAUER INC,2016-03-16,9178,2016-03-02,2016-04-16,53,1011.24,5.26,
90051,FULCHINO VINEYARD INC,2016-07-13,10925,2016-06-26,2016-08-23,12,120.72,0.59,
287,APPOLO VINEYARDS LLC,2016-09-06,11729,2016-08-21,2016-10-20,24,250.44,1.38,
9744,FREDERICK WILDMAN & SONS,2016-07-12,10860,2016-06-25,2016-08-16,177,1748.58,8.04,
1601,VRANKEN AMERICA,2016-07-27,11137,2016-07-10,2016-09-11,127,1660.6,7.97,
9165,ULTRA BEVERAGE COMPANY LLP,2016-03-16,9148,2016-02-29,2016-04-25,13004,177584.33,905.68,
8150,SEA HAGG DISTILLERY LLC,2016-01-24,8351,2016-01-05,2016-02-23,16,346.16,1.87,
516,BANFI PRODUCTS CORP,2016-08-16,11342,2016-07-25,2016-09-10,4861,33091.2,175.38,
8004,SAZERAC CO INC,2016-02-17,8732,2016-02-01,2016-03-20,21941,161652.8,840.59,
8150,SEA HAGG DISTILLERY LLC,2016-01-31,8412,2016-01-10,2016-02-26,41,467.11,2.34,
17037,Dunn Wine Brokers,2016-04-01,9394,2016-03-18,2016-04-28,59,719.76,3.24,
6280,UNCORKED,2016-11-05,12631,2016-10-16,2016-12-16,6,118.74,0.65,
7239,REMY COINTREAU USA INC,2016-07-23,11078,2016-07-05,2016-08-21,3877,91228.09,437.89,
3950,"HOOD RIVER DISTILLERS, Inc.",2016-05-17,9988,2016-04-28,2016-06-18,23,449.9,2.38,
3089,SIDNEY FRANK IMPORTING CO,2016-02-02,8584,2016-01-21,2016-03-16,2860,25914.44,139.94,
1587,VINEYARD BRANDS LLC,2016-12-05,13089,2016-11-15,2017-01-15,192,6496.56,29.88,
90027,POVERTY LANE ORCHARDS,2016-03-14,9071,2016-02-24,2016-04-24,60,381.0,1.98,
4466,AMERICAN VINTAGE BEVERAGE,2016-01-19,8207,2015-12-27,2016-02-26,335,3142.33,16.97,
4466,AMERICAN VINTAGE BEVERAGE,2016-03-07,8995,2016-02-19,2016-04-02,129,1209.27,5.44,
90037,THE PIERPONT GROUP LLC,2016-04-05,9368,2016-03-16,2016-05-13,11,157.13,0.77,
1003,BRONCO WINE COMPANY,2016-09-22,12013,2016-09-08,2016-11-03,6,35.7,0.19,
90046,CANDIA VINEYARDS,2016-09-20,11922,2016-09-02,2016-10-26,60,1029.72,5.56,
90011,FORTUNE WINE BROKERS LLC,2016-01-11,8141,2015-12-22,2016-02-14,23,226.95,4.88,
3950,"HOOD RIVER DISTILLERS, Inc.",2016-03-15,9019,2016-02-21,2016-04-13,18,388.44,1.98,
7245,PROXIMO SPIRITS INC.,2016-02-14,8664,2016-01-27,2016-03-10,11438,110819.76,587.34,
9165,ULTRA BEVERAGE COMPANY LLP,2016-08-01,11256,2016-07-18,2016-09-11,27921,337361.83,1855.49,Frank Delahunt
6355,NICHE W & S,2016-10-16,12351,2016-09-27,2016-11-26,162,2901.96,13.64,
1587,VINEYARD BRANDS INC,2016-01-11,8231,2015-12-28,2016-02-27,2250,15804.23,75.86,
8673,STE MICHELLE WINE ESTATES,2016-04-03,9366,2016-03-16,2016-05-12,3744,25958.49,137.58,
90056,SWEET BABY VINEYARD,2016-01-26,8335,2016-01-04,2016-02-25,166,1378.61,6.34,
4425,MARTIGNETTI COMPANIES,2016-04-04,9481,2016-03-23,2016-05-05,51209,564655.38,2710.35,Frank Delahunt
653,STATE WINE & SPIRITS,2016-11-22,12883,2016-11-01,2016-12-27,2360,21857.31,104.92,
90053,INCREDIBREW INC,2016-07-11,11009,2016-07-01,2016-08-26,36,319.2,1.53,
6830,PARK STREET IMPORTS LLC,2016-10-18,12478,2016-10-05,2016-12-02,155,2507.54,12.79,
1485,CASTLE BRANDS CORP.,2016-04-25,9621,2016-04-03,2016-06-01,1077,13694.91,65.74,
1485,CASTLE BRANDS CORP.,2016-04-05,9392,2016-03-18,2016-04-29,3786,68607.71,336.18,
7245,PROXIMO SPIRITS INC.,2016-10-23,12498,2016-10-06,2016-12-04,11642,125869.47,667.11,
8352,LUXCO INC,2016-10-04,12093,2016-09-14,2016-11-01,4179,30339.5,136.53,
4848,LAIRD & CO,2016-12-27,13438,2016-12-09,2017-01-27,346,3450.57,17.94,
11567,CAMPARI AMERICA,2016-12-09,13158,2016-11-21,2017-01-18,10952,93326.23,475.96,
8735,SURVILLE ENTERPRISES CORP,2016-10-08,12163,2016-09-18,2016-11-04,74,495.77,2.43,
7240,"PREMIUM PORT WINES, INC.",2016-11-15,12844,2016-10-30,2017-01-01,227,1625.59,8.62,
660,SAZERAC NORTH AMERICA INC.,2017-01-03,13529,2016-12-15,2017-02-03,11593,80886.6,388.26,
2450,DJINN SPIRITS LLC,2016-04-15,9565,2016-03-30,2016-05-28,68,1401.86,6.45,
10000,MAJESTIC FINE WINES,2016-07-26,11052,2016-07-04,2016-08-25,9612,73808.21,383.8,
1189,BULLY BOY DISTILLERS,2016-04-05,9505,2016-03-25,2016-05-15,6,132.3,0.6,
7154,PREMIER DISTRIBUTORS,2016-09-13,11738,2016-08-21,2016-10-07,189,2768.53,13.57,
17032,JEWELL TOWNE VINEYARDS,2016-12-13,13309,2016-12-01,2017-01-29,72,634.08,3.42,
7239,REMY COINTREAU USA INC,2016-10-31,12695,2016-10-20,2016-12-07,4356,100266.62,501.33,
3960,DIAGEO NORTH AMERICA INC,2016-04-15,9585,2016-03-31,2016-05-26,82443,768199.19,3764.18,Frank Delahunt
6215,MOONLIGHT MEADERY,2016-10-03,12156,2016-09-18,2016-11-18,131,1180.83,5.79,
9206,PHILLIPS PRODUCTS CO.,2016-05-22,10046,2016-05-02,2016-06-23,351,5187.52,28.01,
9622,WEIN BAUER INC,2016-10-31,12632,2016-10-16,2016-12-17,24,457.92,2.15,
1189,BULLY BOY DISTILLERS,2016-09-23,12026,2016-09-09,2016-10-29,83,1837.83,9.37,
90052,HAUNTING WHISPER VYDS,2016-11-11,12740,2016-10-24,2016-12-08,12,99.24,0.55,
653,STATE WINE & SPIRITS,2016-01-08,8201,2015-12-25,2016-02-13,541,5544.89,303.7,
388,ATLANTIC IMPORTING COMPANY,2016-10-13,12361,2016-09-28,2016-11-18,23,490.36,2.5,
90017,THE IMPORTED GRAPE LLC,2016-09-26,12123,2016-09-15,2016-11-06,72,469.8,2.11,
9819,TREASURY WINE ESTATES,2016-02-23,8757,2016-02-02,2016-04-01,7176,45925.35,215.85,
90010,VINEXTRA INC,2016-10-28,12591,2016-10-12,2016-11-28,119,1314.88,6.97,
1003,BRONCO WINE COMPANY,2017-01-10,13605,2016-12-21,2017-02-04,18,69.12,0.37,
17035,PERNOD RICARD USA,2016-05-10,10014,2016-04-29,2016-06-10,30005,413006.63,1982.43,Frank Delahunt
7749,R.P.IMPORTS INC,2016-07-12,10975,2016-06-29,2016-08-12,6,584.25,2.63,
90047,CRUSH WINES,2016-01-26,8341,2016-01-05,2016-02-22,383,3691.11,18.09,
4692,KOBRAND CORPORATION,2016-07-02,10634,2016-06-12,2016-08-04,1977,27104.77,138.23,
9819,TREASURY WINE ESTATES,2017-01-04,13571,2016-12-18,2017-02-03,10116,74714.55,366.1,
9206,PHILLIPS PRODUCTS CO.,2016-01-31,8409,2016-01-10,2016-02-28,998,5245.55,25.7,
3960,DIAGEO NORTH AMERICA INC,2016-11-15,12833,2016-10-30,2016-12-19,141660,1660435.88,8468.22,Frank Delahunt
6359,OLE SMOKY DISTILLERY LLC,2016-09-29,12068,2016-09-12,2016-10-27,176,2377.74,12.6,
9165,ULTRA BEVERAGE COMPANY LLP,2016-05-17,9995,2016-04-28,2016-06-12,24011,264567.56,1402.21,Frank Delahunt
1601,VRANKEN AMERICA,2016-02-01,8601,2016-01-22,2016-03-17,69,1408.73,6.34,
1128,BROWN-FORMAN CORP,2016-02-06,8517,2016-01-18,2016-03-15,23217,335055.84,1708.78,Frank Delahunt
8150,SEA HAGG DISTILLERY LLC,2016-07-27,11219,2016-07-15,2016-09-11,595,9474.84,45.48,
516,BANFI PRODUCTS CORP,2016-06-05,10274,2016-05-18,2016-07-09,4076,29317.46,155.38,
9552,M S WALKER INC,2016-08-17,11497,2016-08-04,2016-09-18,25431,216943.54,997.94,
10050,Russian Standard Vodka,2016-05-22,10073,2016-05-04,2016-06-27,75,998.7,5.39,
98450,Serralles Usa LLC,2016-06-06,10319,2016-05-20,2016-07-14,184,2426.48,12.86,
3950,"HOOD RIVER DISTILLERS, Inc.",2016-04-07,9419,2016-03-20,2016-05-05,12,258.96,1.29,
4466,AMERICAN VINTAGE BEVERAGE,2016-10-27,12515,2016-10-09,2016-11-30,178,1763.28,8.64,
8352,LUXCO INC,2016-07-27,11130,2016-07-10,2016-08-26,5124,54370.86,282.73,
2561,EDRINGTON AMERICAS,2016-08-25,11548,2016-08-08,2016-09-24,1523,40432.0,185.99,
1601,VRANKEN AMERICA,2016-12-11,13234,2016-11-25,2017-01-20,1147,22409.16,112.05,
8664,"STOLI GROUP,(USA) LLC",2016-09-28,12052,2016-09-11,2016-10-27,5007,62477.19,293.64,
90051,FULCHINO VINEYARD INC,2016-11-01,12541,2016-10-10,2016-12-06,36,449.28,2.2,
4466,AMERICAN VINTAGE BEVERAGE,2016-11-20,12828,2016-10-30,2016-12-18,262,2597.36,12.99,
90017,THE IMPORTED GRAPE LLC,2016-04-30,9733,2016-04-10,2016-06-04,12,125.4,0.69,
90057,WALPOLE MTN VIEW WINERY,2016-08-18,11507,2016-08-04,2016-09-16,12,127.08,0.65,
4550,KLIN SPIRITS LLC,2016-01-25,8362,2016-01-06,2016-03-06,92,1308.02,6.54,
1587,VINEYARD BRANDS INC,2016-08-16,11504,2016-08-04,2016-09-27,5236,35023.0,182.12,
8892,TRINCHERO FAMILY ESTATES,2016-02-17,8774,2016-02-03,2016-03-18,4069,26388.9,126.67,
3950,"HOOD RIVER DISTILLERS, Inc.",2016-03-25,9250,2016-03-08,2016-04-29,18,337.2,1.75,
9552,M S WALKER INC,2016-07-29,11145,2016-07-11,2016-09-09,28481,252879.8,1188.54,Frank Delahunt
173357,TAMWORTH DISTILLING,2016-09-30,12054,2016-09-11,2016-10-29,24,464.88,2.32,
1189,BULLY BOY DISTILLERS,2016-03-03,8946,2016-02-16,2016-04-05,5,110.25,0.54,
8004,SAZERAC CO INC,2016-01-10,8199,2015-12-25,2016-02-20,6283,57738.64,1206.72,
90056,SWEET BABY VINEYARD,2016-03-15,9127,2016-02-28,2016-04-14,310,2572.01,13.89,
12546,JIM BEAM BRANDS COMPANY,2016-07-19,11099,2016-07-07,2016-08-31,62128,535530.63,2731.21,Frank Delahunt
1128,BROWN-FORMAN CORP,2016-05-10,10001,2016-04-29,2016-06-12,16679,227776.44,1138.88,
90037,THE PIERPONT GROUP LLC,2016-06-18,10443,2016-05-29,2016-07-22,20,194.96,0.88,
5083,LOYAL DOG WINERY,2016-11-26,12952,2016-11-07,2016-12-28,204,1972.68,8.88,
660,SAZERAC NORTH AMERICA INC.,2016-05-13,9925,2016-04-24,2016-06-14,10491,78574.12,432.16,
3252,E & J GALLO WINERY,2016-03-18,9169,2016-03-02,2016-04-26,24381,163113.82,799.26,
8112,MOET HENNESSY USA INC,2016-07-09,10878,2016-06-25,2016-08-11,3343,63070.78,283.82,
1273,CALEDONIA SPIRITS INC,2016-12-13,13221,2016-11-25,2017-01-09,130,3940.15,20.88,
9260,TY KU LLC,2016-01-18,8265,2015-12-30,2016-02-13,42,423.18,2.12,
8112,MOET HENNESSY USA INC,2016-10-25,12546,2016-10-10,2016-11-30,14014,364706.12,1714.12,Frank Delahunt
12331,STELLAR IMPORTING CO LLC,2016-10-30,12569,2016-10-11,2016-11-29,36,244.56,1.3,
7154,PREMIER DISTRIBUTORS,2016-06-05,10304,2016-05-19,2016-07-13,82,1300.06,5.85,
28750,SMOKY QUARTZ DISTILLERY LLC,2016-12-20,13316,2016-12-01,2017-01-18,58,1256.48,5.78,
9819,TREASURY WINE ESTATES,2016-12-31,13549,2016-12-16,2017-01-28,8851,76311.09,396.82,
1650,Circa Wines,2016-10-05,12147,2016-09-18,2016-11-14,12,190.8,0.92,
90011,FORTUNE WINE BROKERS LLC,2016-06-11,10359,2016-05-24,2016-07-12,95,768.27,3.84,
5612,MILTONS DISTRIBUTING CO,2016-08-22,11532,2016-08-07,2016-10-09,1,5.22,0.03,
1273,CALEDONIA SPIRITS INC,2016-12-12,13275,2016-11-29,2017-01-25,106,3236.76,15.54,
8352,LUXCO INC,2016-02-27,8812,2016-02-07,2016-03-30,5664,43660.27,196.47,
3960,DIAGEO NORTH AMERICA INC,2016-02-17,8721,2016-02-01,2016-03-20,79259,596868.71,2805.28,Frank Delahunt
2000,SOUTHERN WINE & SPIRITS NE,2016-08-08,11307,2016-07-21,2016-09-12,12978,101077.94,555.93,
2242,DELICATO VINEYARDS INC,2016-10-14,12323,2016-09-26,2016-11-12,4884,38841.06,209.74,
